cik,sub_name,parent_name,first_seen,first_filing,time_out,batch_size,cross_cik,num_subsidiaries,num_filings,first_token_spread,label,match_jaccard,match_rule,wikidata_company,wikidata_acquirer
0000046080,tiger electronics ltd,hasbro inc,2000-03-24,2000-03-24,Between 2000-03-24 and 2001-04-02,50,0,137,20,45,1,1.0,strict,Tiger Electronics,Hasbro
0001001039,pixar,walt disney co,2006-11-22,1995-12-28,Between 2006-11-22 and 2007-11-21,1,1,184,21,2,1,1.0,strict,Pixar,The Walt Disney Company
0000089800,valspar bv,sherwin williams co,2018-02-23,1997-03-12,Between 2018-02-23 and 2019-02-22,75,1,318,26,3,1,1.0,strict,Valspar,Sherwin-Williams
0000079879,ppg coatings danmark as,ppg industries inc,2009-02-19,1994-02-17,Between 2009-02-19 and 2010-02-18,60,0,434,28,6,1,0.75,strict,PPG Coatings Danmark,PPG Industries
0000104889,kaplan international inc,graham holdings co,2003-03-17,1994-03-29,Between 2003-03-17 and 2004-03-10,6,0,689,30,6,1,0.6667,strict,Kaplan International Languages,Graham Holdings Company
0001618756,tim hortons (ireland) limited,restaurant brands international inc,2015-03-02,2015-03-02,Between 2015-03-02 and 2016-02-26,9,1,32,6,12,1,0.6667,strict,Tim Hortons,Restaurant Brands International
0000732717,warnermedia llc,at&t inc,2020-02-20,1994-03-18,Between 2020-02-20 and 2021-02-25,2,1,106,25,2,1,1.0,strict,WarnerMedia,AT&T
0000813828,viva connect gmbh,viacom inc,2005-03-16,1994-03-31,Between 2005-03-16 and 2005-11-23,104,1,2798,31,25,1,0.5,strict,VIVA,Viacom
0000002488,ati technologies (l) inc,advanced micro devices inc,2007-03-01,1995-03-07,Between 2007-03-01 and 2008-02-26,27,0,209,25,34,1,1.0,strict,ATI Technologies,AMD
0000320187,converse inc,nike inc,2009-07-27,1995-08-30,Between 2009-07-27 and 2010-07-20,137,1,251,17,5,1,1.0,strict,Converse,Nike
0000047217,compaq canada corp,hewlett packard co,2003-01-21,1994-01-28,Between 2003-01-21 and 2004-01-20,16,1,650,27,3,1,0.5,strict,Compaq,Hewlett-Packard
0000070858,merrill lynch & co inc,bank of america corp de,2009-02-27,1994-03-30,Between 2009-02-27 and 2010-02-26,1204,1,4603,28,11,1,0.5,strict,Merrill,Bank of America
0001136893,sungard llc,fidelity national information services inc,2016-02-26,2001-05-18,Between 2016-02-26 and 2017-02-23,165,0,885,25,7,1,1.0,strict,SunGard,Fidelity National Information Services
0000014693,jack daniels properties inc,brown forman corp,1998-07-17,1994-07-19,Between 1998-07-17 and 1999-07-21,7,0,125,17,35,1,0.6667,strict,Jack Daniel's,Brown-Forman
0001437107,turner entertainment co,warner bros discovery inc,2023-02-24,2008-08-01,Between 2023-02-24 and 2024-02-23,863,1,1464,17,27,1,1.0,strict,Turner Entertainment,Warner Bros. Discovery
0000880266,valtra canada inc,agco corp de,2004-03-15,1997-03-28,Between 2004-03-15 and 2005-03-16,31,0,397,28,1,1,0.5,strict,Valtra,AGCO
0001045810,ageia technologies llc,nvidia corp,2009-03-13,2002-05-14,Between 2009-03-13 and 2010-03-18,5,0,144,20,1,1,0.5,strict,Ageia,Nvidia
0000097476,national semiconductor (pte) limited,texas instruments inc,2012-02-24,1994-03-21,Between 2012-02-24 and 2013-02-22,50,0,243,35,759,1,1.0,strict,National Semiconductor,Texas Instruments
0000914025,altec lansing international inc,plantronics inc ca,2006-06-05,1999-06-16,Between 2006-06-05 and 2007-05-29,16,0,75,17,8,1,0.6667,strict,Altec Lansing,Plantronics
0000050863,altera corporation,intel corp,2017-02-17,1994-03-25,Between 2017-02-17 and 2018-02-16,7,0,109,25,3,1,1.0,strict,Altera,Intel
0001018724,amazon web services inc,amazon com inc,2013-01-30,1999-03-05,Between 2013-01-30 and 2016-01-29,4,0,71,18,7,1,1.0,strict,Amazon Web Services,Amazon
0001651717,company iglo,nomad foods ltd,2015-09-08,2015-09-08,Between 2015-09-08 and 2015-11-24,24,0,32,2,1,1,1.0,strict,Iglo,Nomad Foods
0001001039,miramax film corp,walt disney co,1996-12-19,1995-12-28,Between 1996-12-19 and 1997-12-19,3,0,184,21,1,1,0.5,strict,Miramax,The Walt Disney Company
0001018724,lovefilm uk limited,amazon com inc,2013-01-30,1999-03-05,Between 2013-01-30 and 2016-01-29,4,0,71,18,1,1,0.5,strict,LoveFilm,Amazon
0000835403,east african breweries limited,diageo plc,2010-03-31,2010-03-31,Active as of 2010-03-31,478,1,478,1,380,1,1.0,strict,East African Breweries,Diageo
0001002638,actuate corporation,open text corp,2015-07-29,2003-09-29,Between 2015-07-29 and 2016-07-27,30,0,684,23,2,1,1.0,strict,Actuate Corporation,Open Text Corporation
0000200406,synthes gmbh,johnson & johnson,2013-02-22,1994-04-01,Between 2013-02-22 and 2014-02-21,40,0,1154,33,1,1,1.0,strict,Synthes,Johnson & Johnson
0000080424,the gillette company,procter & gamble co,2006-08-29,1994-09-14,Between 2006-08-29 and 2007-08-28,240,0,1813,32,5,1,1.0,strict,Gillette,Procter & Gamble
0001571949,nyse euronext (holding) bv,intercontinental exchange inc,2014-02-14,2013-03-21,Between 2014-02-14 and 2015-02-05,50,0,90,9,8,1,0.5,strict,NYSE Euronext Liffe,Intercontinental Exchange
0001645590,3com international inc,hewlett packard enterprise co,2020-12-10,2015-10-07,Between 2020-12-10 and 2021-12-10,42,1,100,8,2,1,0.5,strict,3Com,Hewlett Packard Enterprise
0001018724,alexa internet,amazon com inc,2002-01-24,1999-03-05,Between 2002-01-24 and 2003-02-19,12,0,71,18,3,1,1.0,strict,Alexa Internet,Amazon
0001065088,skype technologies sa,ebay inc,2006-02-24,1998-07-15,Between 2006-02-24 and 2007-02-28,47,1,366,20,3,1,1.0,strict,Skype Technologies,eBay
0000106040,sandisk bv,western digital corp,2016-08-29,1996-09-18,Between 2016-08-29 and 2016-12-22,87,1,246,27,5,1,1.0,strict,SanDisk,Western Digital
0000050863,mcafee inc,intel corp,2012-02-23,1994-03-25,Between 2012-02-23 and 2013-02-19,2,0,109,25,4,1,1.0,strict,"McAfee, LLC",Intel
0000814453,parker pen company,newell brands inc,2007-03-01,1996-03-13,Between 2007-03-01 and 2008-02-29,11,0,890,29,47,1,1.0,strict,Parker Pen Company,Newell Brands
0000018230,electro motive diesel inc,caterpillar inc,2011-02-22,1994-03-02,Between 2011-02-22 and 2012-02-21,48,0,1472,34,55,1,1.0,strict,Electro-Motive Diesel,Caterpillar Inc.
0001534701,jet petrol limited,phillips 66,2013-02-22,2013-02-22,Between 2013-02-22 and 2014-02-21,90,1,274,13,37,1,0.5,strict,Jet,Phillips 66
0000796343,day software ag,adobe systems inc,2011-01-27,1995-02-17,Between 2011-01-27 and 2012-01-26,14,0,269,29,40,1,1.0,strict,Day Software,Adobe
0000880266,massey ferguson corp,agco corp de,1997-03-28,1997-03-28,Between 1997-03-28 and 1998-03-31,49,0,397,28,5,1,1.0,strict,Massey Ferguson,AGCO
0000063908,boston market corporation,mcdonalds corp,2001-03-23,1994-03-29,Between 2001-03-23 and 2002-03-25,6,0,182,22,114,1,1.0,strict,Boston Market,McDonald's
0001316631,telenet nv,liberty global inc,2008-02-26,2005-05-03,Between 2008-02-26 and 2009-02-23,63,1,476,9,2,1,1.0,strict,Telenet,Liberty Global
0000047217,apollo computer (canada) ltd canada,hewlett packard co,1996-01-29,1994-01-28,Between 1996-01-29 and 1997-01-29,11,0,650,27,60,1,0.6667,strict,Apollo Computer,Hewlett-Packard
0000080424,braun gmbh,procter & gamble co,2006-08-29,1994-09-14,Between 2020-08-10 and 2021-08-06,240,1,1813,32,4,1,1.0,strict,Braun,Procter & Gamble
0000040545,ge wind energy gmbh,general electric co,2021-03-31,1994-03-11,Between 2021-03-31 and 2022-02-11,195,0,551,31,21,1,1.0,strict,GE Wind Energy,General Electric
0001675820,all media guide llc,tivo corp,2016-11-03,2016-11-03,Between 2016-11-03 and 2017-02-15,55,1,63,4,249,1,0.5,strict,All Media Network,TiVo Corporation
0000880266,fendt gmbh,agco corp de,1999-03-31,1997-03-28,Between 1999-03-31 and 2000-03-28,3,0,397,28,1,1,1.0,strict,Fendt,AGCO
0001570585,sunrise communications ag,liberty global plc,2021-02-16,2014-02-13,Between 2021-02-16 and 2022-02-17,53,0,1159,11,119,1,1.0,strict,Sunrise Communications,Liberty Global
0000040545,ge jenbacher gmbh,general electric co,2008-02-20,1994-03-11,Between 2008-02-20 and 2009-02-18,16,0,551,31,21,1,1.0,strict,GE Jenbacher,General Electric
0001635327,betfair limited,flutter entertainment plc,2024-03-26,2024-03-26,Active as of 2024-03-26,51,0,51,1,1,1,1.0,strict,betfair,Flutter Entertainment
0001645590,hewlett packard financial services company,hewlett packard enterprise co,2024-12-19,2015-10-07,Active as of 2024-12-19,3,1,100,8,5,1,0.6,strict,Hewlett Packard Enterprise Services,Hewlett Packard Enterprise
0000080424,the folgers coffee company,procter & gamble co,2008-08-28,1994-09-14,Between 2008-08-28 and 2009-08-14,73,1,1813,32,3,1,0.5,strict,Folgers,Procter & Gamble
0000091419,the folgers coffee company,smucker j m co,2009-06-26,1995-07-25,Between 2009-06-26 and 2010-06-24,9,1,149,27,3,1,0.5,strict,Folgers,The J.M. Smucker Company
0001067983,fruit of the loom inc,berkshire hathaway inc,2003-03-27,1999-03-30,Between 2003-03-27 and 2004-01-30,21,1,502,27,10,1,1.0,strict,Fruit of the Loom,Berkshire Hathaway
0000770949,jofa ab,reebok international ltd,2005-03-08,1996-03-29,Active as of 2005-03-08,20,0,144,10,1,1,0.5,strict,Jofa,Reebok
0000106040,hgst inc,western digital corp,2012-08-20,1996-09-18,Between 2012-08-20 and 2013-08-19,23,1,246,27,3,1,1.0,strict,HGST,Western Digital
0000835403,the pierre smirnoff company limited,diageo plc,2010-03-31,2010-03-31,Active as of 2010-03-31,478,1,478,1,19,1,0.5,strict,Smirnoff,Diageo
0000831001,citibank limited,citigroup inc,1999-03-08,1994-03-31,Between 2000-03-10 and 2000-06-30,895,0,5172,32,3,1,1.0,strict,Citibank,Citigroup
0001067983,the duracell company,berkshire hathaway inc,2017-02-27,1999-03-30,Between 2017-02-27 and 2018-02-26,22,0,502,27,4,1,1.0,strict,Duracell,Berkshire Hathaway
0001106051,tencent (bvi) (qq),naspers ltd,2002-11-01,2002-11-01,Active as of 2002-11-01,23,0,23,1,2,1,0.3333,containment,Tencent,Naspers
0001651717,findus france sas,nomad foods ltd,2015-11-24,2015-09-08,Active as of 2015-11-24,8,0,32,2,1,1,0.3333,containment,Findus,Nomad Foods
0001001039,buena vista international inc,walt disney co,1995-12-28,1995-12-28,Between 1995-12-28 and 1996-12-19,18,1,184,21,19,1,0.75,strict,Buena Vista International Television,The Walt Disney Company
0001116132,coach inc,tapestry inc,2010-08-25,2000-06-16,Between 2010-08-25 and 2011-08-19,9,0,185,26,7,1,1.0,strict,Coach,"Tapestry, Inc."
0000827054,atmel dutch corp,microchip technology inc,2019-05-30,2000-06-07,Between 2019-05-30 and 2020-05-22,7,0,37,9,2,1,0.5,strict,Atmel,Microchip Technology
0000010456,immuno ag,baxter international inc,1997-05-14,1994-03-21,Between 1997-05-14 and 2004-03-12,26,0,190,21,4,1,1.0,strict,Immuno AG,Baxter International
0000732717,bellsouth corporation,at&t inc,2007-02-26,1994-03-18,Between 2007-02-26 and 2008-02-27,7,1,106,25,3,1,1.0,strict,BellSouth,AT&T
0000814453,sanford rotring (gb) limited,newell brands inc,2012-02-29,1996-03-13,Between 2012-02-29 and 2013-03-01,18,0,890,29,24,1,0.3333,containment,Rotring,Newell Brands
0000766421,alaska airlines inc,alaska air group inc,2005-02-25,2005-02-25,Between 2005-02-25 and 2017-02-28,7,0,27,6,76,1,1.0,strict,Alaska Airlines,Alaska Air Group
0000031462,nalco holding bv,ecolab inc,2013-02-26,1996-03-27,Between 2013-02-26 and 2014-02-28,201,1,981,29,6,1,1.0,strict,Nalco Holding Company,Ecolab
0000078003,wyeth limited,pfizer inc,2010-02-26,1994-03-25,Between 2010-02-26 and 2011-02-28,195,0,2141,31,3,1,1.0,strict,Wyeth,Pfizer
0000080424,richardson vicks bv,procter & gamble co,1995-09-13,1994-09-14,Between 1995-09-13 and 1996-09-11,285,0,1813,32,22,1,0.5,strict,Vicks,Procter & Gamble
0001137789,maxtor corporation,seagate technology plc,2006-09-11,2001-04-20,Between 2006-09-11 and 2007-08-27,32,0,343,25,2,1,1.0,strict,Maxtor,Seagate Technology
0000040545,ge capital limited,general electric co,2021-03-31,1994-03-11,Between 2021-03-31 and 2022-02-11,195,1,551,31,21,1,1.0,strict,GE Capital,General Electric
0000814453,waterman sas,newell brands inc,2006-02-16,1996-03-13,Between 2006-02-16 and 2007-03-01,54,0,890,29,9,1,0.5,strict,Waterman,Newell Brands
0000723612,budget rent a car limited,avis budget group inc,2007-03-01,1996-04-25,Between 2007-03-01 and 2008-02-29,47,1,831,32,23,1,1.0,strict,Budget Rent a Car,Avis Budget Group
0000798941,the cit group business credit llc,first citizens bancshares inc de,2023-02-24,2004-03-15,Between 2023-02-24 and 2024-02-23,4,0,19,7,15,1,0.5,strict,CIT Group,First Citizens BancShares
0000037996,ford france sa,ford motor co,1994-03-21,1994-03-21,Between 1994-03-21 and 1996-03-19,46,0,286,29,14,1,1.0,strict,Ford France,Ford Motor Company
0000004962,loyalty partner gmbh,american express co,2012-02-24,1994-03-31,Between 2012-02-24 and 2013-02-22,23,0,1402,31,13,1,1.0,strict,Loyalty Partner,American Express
0001308161,dow jones & company inc,news corp,2008-08-13,2005-09-01,Between 2008-08-13 and 2009-08-12,212,1,2673,13,15,1,1.0,strict,Dow Jones & Company,News Corp
0000046080,wizards of the coast inc,hasbro inc,2000-03-24,2000-03-24,Between 2000-03-24 and 2001-04-02,50,0,137,20,2,1,1.0,strict,Wizards of the Coast,Hasbro
0000789019,nuance communications inc,microsoft corp,2022-07-28,1994-09-27,Active as of 2022-07-28,1,0,216,21,6,1,1.0,strict,Nuance Communications,Microsoft
0001288776,jaiku ltd,google inc,2008-02-15,2004-04-29,Between 2008-02-15 and 2009-02-13,22,0,153,9,1,1,1.0,strict,Jaiku,Google
0001308161,factiva inc,news corp,2008-08-13,2005-09-01,Between 2008-08-13 and 2009-08-12,212,1,2673,13,4,1,1.0,strict,Factiva,News Corp
0000764478,future shop (us) lp,best buy co inc,2002-05-30,1996-02-12,Between 2002-05-30 and 2003-05-30,16,0,310,25,63,1,0.6667,strict,Future Shop,Best Buy
0001001039,walt disney pictures,walt disney co,2011-11-23,1995-12-28,Between 2011-11-23 and 2012-11-21,14,1,184,21,3,1,0.6,strict,Walt Disney Motion Pictures Group,The Walt Disney Company
0000047129,dollar thrifty automotive group inc,hertz corp,2013-01-31,1994-03-08,Between 2013-01-31 and 2013-03-04,31,1,295,22,21,1,1.0,strict,Dollar Thrifty Automotive Group,The Hertz Corporation
0000040533,electric boat,general dynamics corp,2003-03-24,1994-03-29,Between 2003-03-24 and 2004-03-05,23,0,651,30,93,1,0.5,strict,General Dynamics Electric Boat,General Dynamics
0000080424,pantene ag,procter & gamble co,1995-09-13,1994-09-14,Between 1995-09-13 and 1996-09-11,285,0,1813,32,1,1,1.0,strict,Pantene,Procter & Gamble
0000040730,ibc vehicles,general motors corp,1995-03-13,1994-03-29,Between 1995-03-13 and 1995-11-14,350,0,1042,17,10,1,1.0,strict,IBC Vehicles,General Motors
0000925692,liberty media corporation,tele communications inc co,1994-06-23,1994-06-23,Between 1994-06-23 and 1996-03-27,205,1,1757,6,230,1,1.0,strict,Liberty Media,Tele-Communications Inc.
0000900278,alpine electronics gmbh,alps electric co ltd wav,2018-07-10,2018-07-10,Active as of 2018-07-10,29,0,29,1,66,1,1.0,strict,Alpine Electronics,Alps Electric
0001018840,ruehl no 925 llc,abercrombie & fitch co de,2006-04-07,1996-07-17,Between 2006-04-07 and 2007-03-30,11,0,111,21,1,1,1.0,strict,Ruehl No.925,Abercrombie & Fitch
0001368007,american stock exchange llc,nyse euronext inc,2008-03-31,2006-10-30,Between 2008-03-31 and 2008-11-13,12,0,207,10,1228,1,0.5,strict,Italian Stock Exchange,Euronext
0001166691,plaxo inc,comcast corp,2009-02-20,2003-03-20,Between 2009-02-20 and 2010-02-23,38,0,3605,24,1,1,1.0,strict,Plaxo,Comcast
0001001039,the disney store inc,walt disney co,1995-12-28,1995-12-28,Between 1995-12-28 and 1996-12-19,18,1,184,21,4,1,1.0,strict,Disney Store,The Walt Disney Company
0001288776,doubleclick asia ltd,google inc,2009-02-13,2004-04-29,Between 2009-02-13 and 2010-02-12,33,0,153,9,3,1,0.5,strict,DoubleClick,Google
0000029989,ddb worldwide ltd,omnicom group inc,2000-03-30,1994-03-30,Between 2000-03-30 and 2001-03-27,508,0,2170,17,2,1,1.0,strict,DDB Worldwide,Omnicom Group
0000040545,company ge healthcare,general electric co,2021-03-31,1994-03-11,Between 2021-03-31 and 2022-02-11,195,1,551,31,21,1,1.0,strict,GE HealthCare,General Electric
0001160106,lloyds bank plc,lloyds banking group plc,2014-03-06,2014-03-06,Active as of 2014-03-06,1041,0,1041,1,9,1,1.0,strict,Lloyds Bank,Lloyds Banking Group
0000002488,spansion llc,advanced micro devices inc,2005-03-01,1995-03-07,Between 2005-03-01 and 2006-02-27,15,1,209,25,3,1,1.0,strict,Spansion,AMD
0000723125,elpida memory inc,micron technology inc,2013-10-28,1994-09-23,Between 2013-10-28 and 2014-10-27,4,0,120,23,1,1,1.0,strict,Elpida Memory,Micron Technology
0001570585,virgin media inc,liberty global plc,2016-02-16,2014-02-13,Between 2016-02-16 and 2017-02-16,66,1,1159,11,47,1,1.0,strict,Virgin Media,Liberty Global
0001001039,marvel entertainment llc,walt disney co,2010-11-24,1995-12-28,Between 2010-11-24 and 2011-11-23,17,1,184,21,14,1,1.0,strict,Marvel Entertainment,The Walt Disney Company
0001018840,hollister co,abercrombie & fitch co de,2004-04-14,1996-07-17,Between 2004-04-14 and 2005-04-14,13,0,111,21,2,1,1.0,strict,Hollister Co.,Abercrombie & Fitch
0001326380,geeknet inc,gamestop corp,2016-03-28,2006-04-03,Between 2016-03-28 and 2018-04-02,9,0,100,16,2,1,1.0,strict,Geeknet,GameStop
0001133421,scaled composites inc,northrop grumman corp de,2002-07-17,2001-05-23,Between 2002-07-17 and 2003-03-24,133,1,218,7,3,1,1.0,strict,Scaled Composites,Northrop Grumman Corporation
0000057528,snyders of hanover inc,snyders lance inc,2011-03-02,1996-03-28,Between 2011-03-02 and 2012-02-27,19,0,92,14,3,1,1.0,strict,Snyder's of Hanover,Snyder's-Lance
0000063276,fisher price inc,mattel inc de,1994-03-25,1994-03-25,Between 1994-03-25 and 1995-03-22,57,0,136,20,27,1,1.0,strict,Fisher-Price,Mattel
0000812076,<p>wizkids inc,topps co inc,2007-06-01,1996-05-24,Active as of 2007-06-01,3,0,6,3,1,1,1.0,strict,WizKids,Topps
0001341439,hyperion solutions corporation,oracle corp,2007-06-29,2006-07-21,Between 2007-06-29 and 2008-07-02,102,1,744,11,10,1,1.0,strict,Hyperion Solutions Corporation,Oracle Corporation
0000040545,ge capital aviation services llc,general electric co,2021-03-31,1994-03-11,Between 2021-03-31 and 2022-02-11,195,0,551,31,21,1,1.0,strict,GE Capital Aviation Services,General Electric
0000037996,ford motor credit company,ford motor co,1994-03-21,1994-03-21,Between 1994-03-21 and 1996-03-19,46,0,286,29,14,1,1.0,strict,Ford Motor Credit Company,Ford Motor Company
0000037996,ford argentina sa,ford motor co,1996-03-19,1994-03-21,Between 1996-03-19 and 1997-03-18,10,0,286,29,14,1,1.0,strict,Ford Argentina,Ford Motor Company
0001067983,mouser electronics inc,berkshire hathaway inc,2014-03-03,1999-03-30,Between 2014-03-03 and 2015-03-02,16,0,502,27,1,1,1.0,strict,"Mouser Electronics, Inc",Berkshire Hathaway
0001166691,united international pictures of panama inc,comcast corp,2023-02-03,2003-03-20,Between 2023-02-03 and 2024-01-31,688,0,3605,24,656,1,0.75,strict,United International Pictures,Comcast
0000040533,gulfstream aerospace corporation,general dynamics corp,2000-03-27,1994-03-29,Between 2000-03-27 and 2001-03-29,30,1,651,30,16,1,1.0,strict,Gulfstream Aerospace,General Dynamics
0000880266,laverda spa,agco corp de,2008-02-29,1997-03-28,Between 2008-02-29 and 2009-02-27,8,0,397,28,1,1,0.5,strict,Laverda,AGCO
0000919628,hardees of ames inc,cke restaurants inc,1998-04-24,1995-05-01,Between 1998-04-24 and 1999-04-26,17,0,57,11,3,1,0.5,strict,Hardee's,CKE Restaurants
0001744489,hulu llc,walt disney co,2020-11-25,2020-11-25,Between 2020-11-25 and 2021-11-24,73,0,131,5,1,1,1.0,strict,Hulu,The Walt Disney Company
0001308161,fox hulu holdings inc,news corp,2008-08-13,2005-09-01,Between 2008-08-13 and 2009-08-12,212,0,2673,13,110,1,0.3333,containment,Hulu,News Corporation
0000091419,hostess brands inc,smucker j m co,2024-06-18,1995-07-25,Active as of 2024-06-18,12,0,149,27,4,1,1.0,strict,Hostess Brands,The J.M. Smucker Company
0001771279,infront sports & media ag,wanda sports group co ltd,2019-06-07,2019-06-07,Active as of 2019-06-07,15,0,15,1,1,1,1.0,strict,Infront Sports & Media,Wanda Group
0001571949,interactive data corporation,intercontinental exchange inc,2016-02-04,2013-03-21,Between 2016-02-04 and 2017-02-07,5,1,90,9,115,1,1.0,strict,Interactive Data Corporation,Intercontinental Exchange
0000040730,opel eisenach gmbh,general motors corp,1995-03-13,1994-03-29,Between 1995-03-13 and 1995-11-14,350,1,1042,17,4,1,1.0,strict,Opel Eisenach,General Motors
0001275283,r j reynolds tobacco bv,reynolds american inc,2005-03-09,2005-03-09,Between 2005-03-09 and 2006-10-03,33,1,89,12,28,1,1.0,strict,R. J. Reynolds Tobacco Company,Reynolds American
0000029989,tbwa worldwide inc,omnicom group inc,1999-03-30,1994-03-30,Between 1999-03-30 and 2000-03-30,320,0,2170,17,1,1,1.0,strict,TBWA Worldwide,Omnicom Group
0001355096,liberty tripadvisor holdings inc,liberty media corp,2014-02-28,2007-03-01,Between 2014-02-28 and 2015-02-27,20,0,767,17,230,1,0.3333,containment,Tripadvisor,Liberty Media
0001137789,lacie ag,seagate technology plc,2013-08-08,2001-04-20,Between 2020-08-10 and 2021-08-06,20,0,343,25,1,1,1.0,strict,LaCie,Seagate Technology
0001833756,oto melara north america llc,leonardo drs inc,2021-02-26,2021-02-26,Between 2021-02-26 and 2022-08-03,34,0,40,3,1,1,0.5,strict,OTO Melara,Leonardo
0000777676,peoplesoft canada co,oracle corp de,2005-07-01,1994-07-27,Active as of 2005-07-01,45,1,270,12,3,1,0.5,strict,PeopleSoft,Oracle Corporation
0001122787,napster llc,roxio inc,2003-06-30,2001-04-09,Between 2003-06-30 and 2004-06-14,2,1,21,6,3,1,1.0,strict,Napster,Roxio
0001067983,pacificorp,berkshire hathaway inc,2007-03-01,1999-03-30,Between 2007-03-01 and 2008-02-29,42,1,502,27,9,1,1.0,strict,PacifiCorp,Berkshire Hathaway
0001133421,litton industries inc,northrop grumman corp de,2002-03-22,2001-05-23,Between 2002-03-22 and 2002-07-17,2,0,218,7,5,1,1.0,strict,Litton Industries,Northrop Grumman Corporation
0000018230,perkins engines company limited,caterpillar inc,2000-03-30,1994-03-02,Between 2000-03-30 and 2000-05-31,71,0,1472,34,12,1,1.0,strict,Perkins Engines,Caterpillar Inc.
0001108524,heroku inc,salesforce com inc,2011-03-23,2003-12-18,Between 2011-03-23 and 2012-03-09,12,0,350,20,1,1,1.0,strict,Heroku,Salesforce
0000080424,max factor & co,procter & gamble co,1995-09-13,1994-09-14,Between 1995-09-13 and 1996-09-11,285,0,1813,32,48,1,1.0,strict,Max Factor,Procter & Gamble
0000831001,banco nacional de mexico sa,citigroup inc,2002-03-12,1994-03-31,Between 2002-03-12 and 2003-03-03,368,0,5172,32,42,1,0.5,strict,Banco Nacional de México,Citigroup
0001339947,mtv japan inc,viacom inc,2008-02-28,2005-11-23,Between 2008-02-28 and 2009-02-12,63,0,1536,19,7,1,1.0,strict,MTV Japan,Viacom
0000039911,old navy inc,gap inc,1998-04-03,1994-04-22,Between 1998-04-03 and 1999-04-02,33,0,219,25,216,1,1.0,strict,Old Navy,Gap Inc.
0000106640,amana financial services inc,whirlpool corp de,2008-02-22,1995-03-17,Between 2008-02-22 and 2009-02-19,176,1,412,28,5,1,0.3333,containment,Amana Corporation,Whirlpool
0001067983,burlington northern santa fe llc,berkshire hathaway inc,2011-02-28,1999-03-30,Between 2011-02-28 and 2012-02-27,15,0,502,27,65,1,1.0,strict,Burlington Northern Santa Fe Corporation,Berkshire Hathaway
0000064803,cvs pharmacy inc,melville corp,1998-03-31,1996-11-04,Between 1998-03-31 and 1999-03-31,12,0,555,16,6,1,1.0,strict,CVS Pharmacy,Melville Corporation
0000919628,carls jr media fund,cke restaurants inc,2007-03-30,1995-05-01,Between 2007-03-30 and 2008-03-26,3,1,57,11,5,1,0.5,strict,Carl's Jr.,CKE Restaurants
0000905036,marriott hotels (reading) limited,marriott international inc,1997-03-05,1997-03-05,Between 1997-03-05 and 1998-02-23,14,1,36,5,7,1,0.5,strict,JW Marriott Hotels,Marriott International
0001156375,board of trade of the city of chicago inc,cme group inc,2008-02-28,2002-03-28,Between 2008-02-28 and 2009-03-02,10,1,197,18,10,1,0.75,strict,Chicago Board of Trade,CME Group
0001156375,chicago mercantile exchange inc,cme group inc,2002-03-28,2002-03-28,Between 2002-03-28 and 2006-03-06,2,0,197,18,124,1,1.0,strict,Chicago Mercantile Exchange,CME Group
0000804328,qualcomm atheros inc,qualcomm incde,2014-11-05,2000-11-03,Between 2014-11-05 and 2015-11-04,5,0,29,16,4,1,1.0,strict,Qualcomm Atheros,Qualcomm
0001048911,tnt express bv,fedex corp,2016-07-18,1998-08-14,Between 2016-07-18 and 2017-07-17,25,0,596,25,12,1,1.0,strict,TNT Express,FedEx
0001450123,jbs usa finance inc,jbs sa,2023-05-19,2023-05-19,Between 2023-05-19 and 2023-07-13,335,1,338,2,11,1,0.6667,strict,JBS USA,JBS S.A.
0000110471,hush puppies (uk) ltd,wolverine world wide inc de,1997-03-28,1994-03-31,Between 1997-03-28 and 1998-04-01,3,0,147,28,3,1,0.6667,strict,Hush Puppies,Wolverine World Wide
0001001039,disney book group llc,walt disney co,2013-11-20,1995-12-28,Between 2013-11-20 and 2014-11-19,14,0,184,21,4,1,0.5,strict,Disney Music Group,The Walt Disney Company
0001341439,siebel systems inc,oracle corp,2006-07-21,2006-07-21,Between 2006-07-21 and 2007-06-29,232,0,744,11,2,1,1.0,strict,Siebel Systems,Oracle Corporation
0001326380,thinkgeek inc,gamestop corp,2016-03-28,2006-04-03,Between 2016-03-28 and 2018-04-02,9,1,100,16,2,1,1.0,strict,ThinkGeek,GameStop
0000896841,m audio llc,avid technology inc,2005-03-16,1997-03-21,Between 2005-03-16 and 2006-03-07,16,0,100,16,31,1,1.0,strict,M-Audio,Avid Technology
0001001039,imagemovers digital llc,walt disney co,2009-12-02,1995-12-28,Between 2009-12-02 and 2010-11-24,16,0,184,21,1,1,0.5,strict,ImageMovers,The Walt Disney Company
0000718877,shaba games inc,activision blizzard inc,2002-06-28,1997-06-16,Between 2002-06-28 and 2003-06-19,9,0,191,21,1,1,1.0,strict,Shaba Games,Activision Blizzard
0000200406,neutrogena corporation,johnson & johnson,1995-02-03,1994-04-01,Between 1995-02-03 and 1995-04-03,46,0,1154,33,1,1,1.0,strict,Neutrogena,Johnson & Johnson
0000777676,jd edwards europe ltd,oracle corp de,2005-07-01,1994-07-27,Active as of 2005-07-01,45,1,270,12,18,1,0.6667,strict,JD Edwards,Oracle Corporation
0001601072,abengoa solar holdings usa inc,abengoa yield ltd,2014-02-28,2014-02-28,Between 2014-02-28 and 2014-12-11,18,0,25,3,1,1,0.5,strict,Abengoa Solar,Abengoa
0001058623,citadel broadcasting company,cumulus media inc,2012-03-12,1998-05-18,Between 2012-03-12 and 2013-03-18,65,1,158,16,25,1,1.0,strict,Citadel Broadcasting,Cumulus Media
0000200406,janssen vaccines ag,johnson & johnson,2016-02-24,1994-04-01,Between 2016-02-24 and 2017-02-27,14,0,1154,33,1,1,1.0,strict,Janssen Vaccines,Johnson & Johnson
0001001039,disney consumer products inc,walt disney co,2010-11-24,1995-12-28,Between 2010-11-24 and 2011-11-23,17,1,184,21,4,1,1.0,strict,Disney Consumer Products,The Walt Disney Company
0000731766,amil international,unitedhealth group inc,2018-02-13,1995-03-28,Between 2018-02-13 and 2019-02-12,393,0,4307,34,1,1,0.5,strict,Amil,UnitedHealth Group
0001069157,east west bank,east west bancorp inc,1998-09-17,1998-09-17,Between 1998-09-17 and 2016-02-26,2,0,15,3,380,1,1.0,strict,East West Bank,East West Bancorp
0000764478,geek squad inc,best buy co inc,2003-05-30,1996-02-12,Between 2003-05-30 and 2004-04-29,11,0,310,25,6,1,1.0,strict,Geek Squad,Best Buy
0001001039,hong kong international theme parks limited,walt disney co,2005-12-07,1995-12-28,Between 2005-12-07 and 2006-11-22,5,1,184,21,107,1,1.0,strict,Hong Kong International Theme Parks,The Walt Disney Company
0000063276,hit entertainment limited,mattel inc de,2022-02-28,1994-03-25,Between 2022-02-28 and 2024-03-15,2,0,136,20,11,1,1.0,strict,HIT Entertainment,Mattel
0001560385,sirius xm holdings inc,liberty media corp,2014-02-28,2012-10-19,Between 2014-02-28 and 2015-02-26,20,0,249,13,19,1,0.6667,strict,Sirius XM,Liberty Media
0000813828,paramount parks inc,viacom inc,1994-03-31,1994-03-31,Between 1994-03-31 and 1996-04-01,166,1,2798,31,43,1,1.0,strict,Paramount Parks,Viacom
0000811532,paramount parks inc,cedar fair l p,2007-03-01,2007-03-01,Between 2007-03-01 and 2011-03-01,13,1,36,8,43,1,1.0,strict,Paramount Parks,Cedar Fair
0001001039,disney online studios ca,walt disney co,2011-11-23,1995-12-28,Between 2011-11-23 and 2012-11-21,14,0,184,21,4,1,0.6,strict,Disney Online Studios Canada,The Walt Disney Company
0001127248,nova scotia power inc,emera inc,2016-12-01,2016-12-01,Between 2016-12-01 and 2024-11-15,128,1,130,2,72,1,1.0,strict,Nova Scotia Power,Emera
0001450123,pilgrims pride corporation,jbs sa,2023-05-19,2023-05-19,Between 2023-05-19 and 2023-07-13,335,1,338,2,6,1,0.5,strict,Pilgrim's Corp,JBS S.A.
0000814453,reynolds pens india private limited,newell brands inc,2018-03-01,1996-03-13,Between 2018-03-01 and 2019-03-04,117,0,890,29,28,1,0.6,strict,Reynolds Pens India Pvt. Ltd.,Newell Brands
0000701374,six flags great escape lp,six flags inc,2008-03-13,1995-10-17,Between 2008-03-13 and 2009-03-11,6,0,170,22,49,1,0.5714,strict,Six Flags Great Escape Lodge & Indoor Waterpark,Six Flags
0001001039,walt disney parks and resorts llc,walt disney co,2005-12-07,1995-12-28,Between 2005-12-07 and 2006-11-22,5,0,184,21,3,1,1.0,strict,Walt Disney Parks and Resorts U.S.,The Walt Disney Company
0001001039,walt disney pictures and television,walt disney co,1995-12-28,1995-12-28,Between 1995-12-28 and 1996-12-19,18,1,184,21,3,1,0.75,strict,Walt Disney Television,The Walt Disney Company
0001001039,abc family worldwide inc,walt disney co,2002-12-04,1995-12-28,Between 2002-12-04 and 2004-12-13,1,1,184,21,67,1,1.0,strict,ABC Family Worldwide,The Walt Disney Company
0000106640,admiral international corporation,whirlpool corp de,2008-02-22,1995-03-17,Between 2008-02-22 and 2009-02-19,176,0,412,28,27,1,0.5,strict,Admiral,Whirlpool
0001067983,lubrizol limited,berkshire hathaway inc,2024-02-26,1999-03-30,Active as of 2024-02-26,17,1,502,27,3,1,1.0,strict,Lubrizol,Berkshire Hathaway
0001570585,itv betriebsgesellschaft gmbh,liberty global plc,2021-02-16,2014-02-13,Between 2021-02-16 and 2022-02-17,53,0,1159,11,2,1,0.5,strict,ITV plc,Liberty Global
0001001039,the walt disney company (southeast asia) pte ltd,walt disney co,2010-11-24,1995-12-28,Between 2010-11-24 and 2011-11-23,17,0,184,21,3,1,1.0,strict,The Walt Disney Company Southeast Asia,The Walt Disney Company
0001635327,timeform limited,flutter entertainment plc,2024-03-26,2024-03-26,Active as of 2024-03-26,51,0,51,1,1,1,1.0,strict,Timeform,Flutter Entertainment
0001001039,utv software communications limited,walt disney co,2012-11-21,1995-12-28,Between 2012-11-21 and 2013-11-20,19,1,184,21,9,1,1.0,strict,UTV Software Communications,The Walt Disney Company
0001106051,multichoice africa limited,naspers ltd,2002-11-01,2002-11-01,Active as of 2002-11-01,23,1,23,1,2,1,0.5,strict,MultiChoice,Naspers
0001833756,drs rada technologies ltd,leonardo drs inc,2023-03-28,2021-02-26,Active as of 2023-03-28,5,0,40,3,12,1,0.6667,strict,DRS Technologies,Leonardo
0000200406,ethicon,johnson & johnson,2011-02-25,1994-04-01,Between 2011-02-25 and 2012-02-23,26,0,1154,33,1,1,1.0,strict,Ethicon Inc.,Johnson & Johnson
0000040730,gm powertrain holding bv,general motors corp,2007-03-15,1994-03-29,Between 2007-03-15 and 2008-02-28,23,1,1042,17,37,1,0.5,strict,GM Powertrain Torino,General Motors
0000858339,horseshoe gaming holding corp,caesars entertainment corp,2005-03-01,1994-03-28,Between 2005-03-01 and 2005-10-18,22,0,928,42,22,1,1.0,strict,Horseshoe Gaming Holding Corporation,Caesars Entertainment Corporation
0001635327,paddy power (northern ireland) limited,flutter entertainment plc,2024-03-26,2024-03-26,Active as of 2024-03-26,51,0,51,1,4,1,0.5,strict,Paddy Power,Flutter Entertainment
0000913949,allaire corporation,macromedia inc,2002-06-12,1996-06-27,Between 2002-06-12 and 2003-06-09,2,1,44,9,4,1,1.0,strict,Allaire Corporation,Macromedia
0001616318,bell sports corp,vista outdoor inc,2016-05-27,2015-06-01,Between 2016-05-27 and 2017-05-26,17,1,106,9,70,1,1.0,strict,Bell Sports,Vista Outdoor
0001166691,big idea entertainment llc,comcast corp,2023-02-03,2003-03-20,Between 2023-02-03 and 2024-01-31,688,1,3605,24,253,1,1.0,strict,Big Idea Entertainment,Comcast
0001237746,bluehost inc,endurance international group holdings inc,2013-06-26,2013-06-26,Between 2013-06-26 and 2016-02-29,5,1,12,4,3,1,1.0,strict,Bluehost,Endurance International Group
0000356213,boomtown llc,pinnacle entertainment inc,2004-03-10,1996-09-18,Between 2004-03-10 and 2005-03-16,5,1,127,16,7,1,1.0,strict,"Boomtown, Inc.",Pinnacle Entertainment
0000940944,cheddars casual cafe inc,darden restaurants inc,2018-07-20,1996-10-30,Between 2018-07-20 and 2024-07-19,3,0,31,15,1,1,0.5,strict,Cheddar's Casual Café,Darden Restaurants
0001467858,chevrolet europe gmbh,general motors co,2009-08-07,2009-08-07,Between 2009-08-07 and 2010-04-07,340,0,996,18,4,1,1.0,strict,Chevrolet Europe,General Motors
0001534701,phillips chemical holdings company,phillips 66,2013-02-22,2013-02-22,Between 2013-02-22 and 2014-02-21,90,1,274,13,48,1,0.5,strict,Chevron Phillips Chemical,Phillips 66
0000831001,citigroup global markets japan inc,citigroup inc,2010-02-26,1994-03-31,Between 2010-02-26 and 2011-02-25,14,0,5172,32,3,1,1.0,strict,Citigroup Global Markets Japan,Citigroup
0001444363,city index inc,gain capital holdings inc,2016-03-17,2009-08-31,Between 2016-03-17 and 2017-03-15,11,0,57,11,158,1,0.6667,strict,City Index Group,GAIN Capital
0001687221,collins industries inc,rev group inc,2017-12-21,2016-10-24,Between 2017-12-21 and 2018-12-19,33,1,56,6,42,1,1.0,strict,Collins Industries,REV Group
0001166691,comcast interactive media inc,comcast corp,2007-02-26,2003-03-20,Between 2007-02-26 and 2008-02-20,50,0,3605,24,6,1,1.0,strict,Comcast Interactive Media,Comcast
0001771279,competitor group holdings inc,wanda sports group co ltd,2019-06-07,2019-06-07,Active as of 2019-06-07,15,0,15,1,1,1,0.6667,strict,"Competitor Group, Inc.",Wanda Group
0001237746,constant contact inc,endurance international group holdings inc,2016-11-17,2013-06-26,Between 2016-11-17 and 2018-02-22,5,1,12,4,4,1,1.0,strict,Constant Contact,Endurance International Group
0000866873,contadina foods inc,del monte foods co,1998-03-04,1997-06-12,Between 1998-03-04 and 1999-09-07,1,1,32,11,2,1,0.5,strict,Contadina,Del Monte Foods
0000032604,chloride group limited,emerson electric co,2010-11-23,1994-12-22,Between 2010-11-23 and 2011-11-22,130,1,2724,30,6,1,1.0,strict,Chloride Group,Emerson Electric
0001089874,cityline zao,golden telecom inc,2002-03-29,1999-09-22,Between 2002-03-29 and 2003-03-28,20,0,241,9,5,1,0.5,strict,Cityline,Golden Telecom
0000022301,comcast spectacor lp,comcast corp,1998-03-03,1995-02-28,Between 1998-03-03 and 1999-02-26,365,1,637,8,6,1,1.0,strict,Comcast Spectacor,Comcast
0000096021,brake bros ltd,sysco corp,2018-08-27,1994-09-29,Between 2018-08-27 and 2019-08-26,42,0,770,31,8,1,1.0,strict,Brake Bros Ltd,Sysco
0000866729,9 story media group inc,scholastic corp,2024-09-27,1996-08-23,Between 2024-09-27 and 2024-12-20,58,0,213,27,5,1,1.0,strict,9 Story Media Group,Scholastic Corporation
0001067983,acme brick company,berkshire hathaway inc,2001-03-30,1999-03-30,Between 2001-03-30 and 2002-03-29,14,1,502,27,58,1,1.0,strict,Acme Brick,Berkshire Hathaway
0001467373,acquity group limited,accenture plc,2013-10-29,2009-10-19,Between 2013-10-29 and 2014-10-24,56,0,1442,16,2,1,1.0,strict,Acquity Group,Accenture
0000047129,dollar rent a car inc,hertz corp,2013-01-31,1994-03-08,Between 2013-01-31 and 2013-03-04,31,1,295,22,21,1,0.5,strict,Advantage Rent a Car,The Hertz Corporation
0001282637,afton chemical corporation,newmarket corp,2005-03-14,2005-03-14,Between 2005-03-14 and 2006-02-28,33,0,97,19,8,1,1.0,strict,Afton Chemical,NewMarket Corporation
0000092122,alabama power company,southern co,2003-03-10,1996-04-08,Between 2003-03-10 and 2004-03-01,38,1,204,11,85,1,1.0,strict,Alabama Power,Southern Company
0000097745,alfa aesar (china) chemical co ltd,thermo fisher scientific inc,2016-02-25,1994-03-09,Between 2016-02-25 and 2017-02-28,93,0,3366,31,16,1,0.5,strict,Alfa Aesar,Thermo Fisher Scientific Inc.
0000109380,amegy holding texas inc,zions bancorporation ut,2019-02-26,1995-03-28,Between 2019-02-26 and 2021-02-25,7,0,52,17,2,1,0.5,strict,Amegy Bank of Texas,Zions Bancorporation
0001528356,american shale oil corporation,genie energy ltd,2011-10-07,2011-10-07,Between 2011-10-07 and 2013-03-21,11,1,123,13,1228,1,1.0,strict,American Shale Oil,Genie Energy
0000050725,ames true temper inc,griffon corp,2011-11-18,2011-11-18,Between 2011-11-18 and 2014-11-13,19,0,56,7,22,1,1.0,strict,Ames True Temper,Griffon Corporation
0000895812,amiga inc,gateway inc,2000-03-30,1997-03-28,Between 2000-03-30 and 2001-03-05,33,0,131,10,2,1,1.0,strict,"Amiga, Inc.",Gateway
0000811596,anglesey aluminium,kaiser aluminum corp,2003-03-31,2000-03-10,Between 2003-03-31 and 2006-03-31,3,1,53,10,3,1,1.0,strict,Anglesey Aluminium,Kaiser Aluminum
0001137411,be aerospace bv,rockwell collins inc,2017-11-14,2001-12-19,Between 2017-11-14 and 2018-11-26,132,1,236,14,34,1,1.0,strict,BE Aerospace,Rockwell Collins
0000022301,broadnet holdings bv,comcast corp,2000-03-01,1995-02-28,Between 2000-03-01 and 2001-03-02,134,1,637,8,3,1,1.0,strict,Broadnet Holdings BV,Comcast
0001117106,bronto software limited,netsuite inc,2016-02-24,2007-07-02,Active as of 2016-02-24,6,0,31,9,2,1,1.0,strict,Bronto Software,NetSuite
0000723612,budget truck rental llc,avis budget group inc,2006-03-01,1996-04-25,Between 2006-03-01 and 2007-03-01,134,1,831,32,23,1,1.0,strict,Budget Truck Rental,Avis Budget Group
0000060086,cna financial corporation,loews corp,1994-03-25,1994-03-25,Between 1994-03-25 and 1996-03-28,7,0,120,23,8,1,1.0,strict,CNA Financial,Loews Corporation
0000906553,the cannery hotel and casino llc,boyd gaming corp,2016-12-20,1996-09-30,Between 2016-12-20 and 2018-02-26,4,1,127,17,6,1,0.5,strict,Cannery Casino Resorts,Boyd Gaming
0000058361,madison newspapers inc dba capital newspapers,lee enterprises inc,2007-11-29,1994-12-27,Between 2007-11-29 and 2008-12-31,1,0,85,18,157,1,0.5,strict,Capital Newspapers,Lee Enterprises
0000896878,credit karma llc,intuit inc,2021-09-08,1996-10-24,Between 2021-09-08 and 2022-09-02,18,0,237,28,80,1,1.0,strict,Credit Karma,Intuit
0001530721,jimmy choo (australia) pty ltd,capri holdings ltd,2019-05-29,2011-12-02,Between 2019-05-29 and 2020-07-08,37,0,190,14,6,1,0.6667,strict,Jimmy Choo Ltd,Capri Holdings
0001141391,datacash ltd,mastercard inc,2011-02-24,2001-11-09,Between 2011-02-24 and 2012-02-16,30,0,232,21,1,1,1.0,strict,DataCash,Mastercard
0001305294,datamarket inc,qlik technologies inc,2015-02-27,2010-04-01,Between 2015-02-27 and 2016-02-26,5,0,40,5,1,1,1.0,strict,DataMarket,Qlik
0001128928,daves killer bread inc,flowers foods inc,2017-02-23,2001-02-09,Between 2017-02-23 and 2018-02-21,3,0,239,37,1,1,1.0,strict,Dave's Killer Bread,Flowers Foods
0001108524,demandware bv,salesforce com inc,2017-03-06,2003-12-18,Between 2017-03-06 and 2018-03-09,42,1,350,20,2,1,1.0,strict,Demandware,Salesforce
0000070866,digital insight,ncr corp,2015-02-27,1996-09-26,Between 2015-02-27 and 2016-02-26,11,0,531,31,246,1,1.0,strict,Digital Insight,NCR Corporation
0000029915,dow agrosciences bv,dow chemical co de,2000-03-22,1995-03-23,Between 2000-03-22 and 2001-03-09,211,1,1756,30,15,1,1.0,strict,Dow AgroSciences,Dow Chemical Company
0001166691,dreamworks llc,comcast corp,2023-02-03,2003-03-20,Between 2023-02-03 and 2024-01-31,688,1,3605,24,5,1,0.5,strict,DreamWorks Classics,Comcast
0001336920,dynetics inc,leidos holdings inc,2021-02-23,2005-09-01,Between 2021-02-23 and 2022-02-15,6,0,154,16,1,1,1.0,strict,Dynetics,Leidos
0000909494,enom llc,tucows inc pa,2017-03-08,1997-03-31,Between 2017-03-08 and 2018-03-06,2,0,49,16,3,1,1.0,strict,ENom,Tucows
0001734520,edgewater technology inc,alithya group inc,2018-09-12,2018-09-12,Active as of 2018-09-12,9,1,9,1,19,1,1.0,strict,Edgewater Technology,Alithya Group
0000887921,elizabeth arden,revlon inc de,2018-03-15,1997-02-14,Between 2018-03-15 and 2019-03-28,13,1,303,20,20,1,1.0,strict,"Elizabeth Arden, Inc.",Revlon
0000047217,telecom hewlett packard pty ltd,hewlett packard co,1994-01-28,1994-01-28,Between 1994-01-28 and 1995-01-27,103,0,650,27,62,1,0.75,strict,Ericsson Hewlett Packard Telecom,Hewlett-Packard
0000200406,ethicon endo surgery inc,johnson & johnson,1995-02-03,1994-04-01,Between 1995-02-03 and 1995-04-03,46,0,1154,33,1,1,1.0,strict,Ethicon Endo-Surgery,Johnson & Johnson
0001666175,fortisbc inc,fortis inc,2016-03-17,2016-03-17,Active as of 2016-03-17,18,0,18,1,1,1,1.0,strict,FortisBC,Fortis Inc.
0001744489,tfcf movie channel inc,walt disney co,2021-11-24,2020-11-25,Between 2021-11-24 and 2022-11-29,36,0,131,5,1,1,0.5,strict,Fox Movie Channel,The Walt Disney Company
0001308161,foxstar productions inc,news corp,2005-09-01,2005-09-01,Between 2005-09-01 and 2006-08-23,1234,1,2673,13,3,1,1.0,strict,Foxstar Productions,News Corporation
0000056873,fred meyer jewelers inc,kroger co,1999-08-20,1994-03-11,Between 1999-08-20 and 2000-04-27,51,1,315,28,28,1,1.0,strict,Fred Meyer Jewelers,Kroger
0001002638,gxs ag,open text corp,2014-07-31,2003-09-29,Between 2014-07-31 and 2015-07-29,41,1,684,23,5,1,1.0,strict,GXS Inc.,Open Text Corporation
0000915389,genovique specialties singapore pte ltd,eastman chemical co,2011-02-23,1997-03-13,Between 2011-02-23 and 2012-02-22,8,0,523,29,1,1,0.6667,strict,Genovique Specialties Corporation,Eastman Chemical Company
0000092122,georgia power company,southern co,2003-03-10,1996-04-08,Between 2003-03-10 and 2004-03-01,38,1,204,11,159,1,1.0,strict,Georgia Power,Southern Company
0001649338,gigle networks llc,broadcom ltd,2016-12-23,2016-12-23,Between 2016-12-23 and 2017-12-21,59,1,68,2,2,1,1.0,strict,Gigle Networks,Broadcom
0001018840,gilly hicks llc,abercrombie & fitch co de,2008-03-28,1996-07-17,Between 2008-03-28 and 2009-03-27,9,0,111,21,1,1,1.0,strict,Gilly Hicks,Abercrombie & Fitch
0001385187,given imaging inc,covidien ltd,2014-11-24,2007-04-20,Active as of 2014-11-24,19,1,343,9,2,1,1.0,strict,Given Imaging,Covidien
0000021076,glad manufacturing company,clorox co de,2000-09-26,1994-09-26,Between 2000-09-26 and 2001-09-28,20,0,298,27,1,1,0.5,strict,Glad,Clorox
0000800240,grand & toy limited,office depot inc,2015-02-24,1994-03-25,Between 2015-02-24 and 2017-03-01,17,1,309,26,252,1,1.0,strict,Grand & Toy,Office Depot
0001091862,great lakes chemical (s) pte ltd,chemtura corp,2006-03-31,2000-03-30,Between 2006-03-31 and 2007-03-09,84,1,447,18,368,1,1.0,strict,Great Lakes Chemical Corporation,Chemtura
0000835403,guinness nigeria plc,diageo plc,2010-03-31,2010-03-31,Active as of 2010-03-31,478,1,478,1,2,1,1.0,strict,Guinness Nigeria,Diageo
0000832988,h samuel limited,signet jewelers ltd,2010-03-30,2010-03-30,Between 2010-03-30 and 2011-03-30,18,0,35,9,15,1,1.0,strict,H. Samuel,Signet Jewelers Limited
0001637459,hp foods limited,kraft heinz co,2016-03-03,2015-04-10,Between 2016-03-03 and 2017-02-23,156,1,302,11,43,1,1.0,strict,HP Foods,Kraft Heinz
0000878079,herbergers department stores llc,bon ton stores inc,2006-04-13,1997-05-01,Between 2006-04-13 and 2007-04-19,11,1,48,12,2,1,0.3333,containment,Herberger's,The Bon-Ton
0001390777,insight investment management,bank of new york mellon corp,2011-02-28,2008-02-28,Between 2011-02-28 and 2012-02-28,60,0,249,15,36,1,0.6667,strict,Insight Investment,The Bank of New York Mellon
0000895655,rawlings japan llc,jarden corp,2013-02-27,1997-03-27,Between 2013-02-27 and 2014-03-03,24,1,435,20,8,1,0.5,strict,Rawlings,Jarden
0001001039,the walt disney company iberia sl,walt disney co,2009-12-02,1995-12-28,Between 2009-12-02 and 2010-11-24,16,0,184,21,3,1,0.75,strict,The Walt Disney Company Iberia,The Walt Disney Company
0000730263,jayco corp,thor industries inc,2016-09-26,2001-10-24,Between 2016-09-26 and 2017-09-27,5,0,124,19,4,1,1.0,strict,Jayco,Thor Industries
0001544856,jumbo administradora sa,cencosud sa,2012-05-25,2012-05-25,Active as of 2012-05-25,81,0,81,1,9,1,0.5,strict,Jumbo,Cencosud
0001320947,kettle foods holdings inc,diamond foods inc,2010-10-05,2010-10-05,Between 2010-10-05 and 2011-09-15,13,1,19,4,8,1,0.6667,strict,Kettle Foods,Diamond Foods
0000021665,kolynos corporation,colgate palmolive co,1998-03-24,1995-03-23,Between 1998-03-24 and 1999-03-30,157,0,561,27,1,1,1.0,strict,Kolynos,Colgate-Palmolive Company
0000868857,hunt construction group inc,aecom,2016-11-16,2007-01-29,Between 2016-11-16 and 2020-11-19,4,1,50,8,45,1,1.0,strict,Hunt Construction Group,AECOM
0001226308,ibiquity digital corporation,dts inc,2016-03-07,2003-04-25,Active as of 2016-03-07,3,1,38,12,6,1,0.5,strict,iBiquity,"DTS, Inc."
0001067983,iscar ltd,berkshire hathaway inc,2007-03-01,1999-03-30,Between 2007-03-01 and 2008-02-29,42,0,502,27,1,1,0.5,strict,ISCAR Metalworking,Berkshire Hathaway
0001364962,incapsula inc,imperva inc,2011-06-17,2011-06-17,Between 2011-06-17 and 2014-02-28,10,0,17,4,1,1,1.0,strict,Incapsula,Imperva
0001355096,qvc inc,liberty media corp,2007-03-01,2007-03-01,Between 2007-03-01 and 2008-02-29,403,1,767,17,10,1,0.5,strict,QVC Group,Liberty Media
0000059558,lincoln financial media company,lincoln national corp,2008-02-29,1994-03-30,Between 2008-02-29 and 2009-02-27,58,0,366,30,109,1,1.0,strict,Lincoln Financial Media,Lincoln National Corporation
0000858339,london clubs international limited,caesars entertainment corp,2008-02-29,1994-03-28,Between 2008-02-29 and 2008-10-29,88,1,928,42,93,1,1.0,strict,London Clubs International,Caesars Entertainment Corporation
0001057352,g) loopnet inc,costar group inc,2016-02-26,1998-03-13,Between 2016-02-26 and 2017-02-24,4,0,112,24,1,1,1.0,strict,LoopNet,CoStar Group
0001692819,luminant energy company llc,vistra energy corp,2016-12-23,2016-12-23,Between 2016-12-23 and 2017-05-01,35,1,147,8,11,1,0.5,strict,Luminant,Vistra
0001108109,lutheran health network cbo llc,community health systems inc,2013-02-27,2000-04-19,Between 2013-02-27 and 2014-02-26,587,0,1808,21,2,1,0.75,strict,Lutheran Health Network,Community Health Systems
0001359841,maidenform llc,hanesbrands inc,2014-02-06,2006-07-25,Between 2014-02-06 and 2015-02-06,24,0,419,23,2,1,1.0,strict,Maidenform,Hanesbrands
0001067983,marmon rail group inc,berkshire hathaway inc,2024-02-26,1999-03-30,Active as of 2024-02-26,17,0,502,27,2,1,0.6667,strict,Marmon Group,Berkshire Hathaway
0000091419,meow mix decatur production i llc,smucker j m co,2015-06-25,1995-07-25,Between 2015-06-25 and 2016-06-21,9,1,149,27,5,1,0.5,strict,Meow Mix,The J.M. Smucker Company
0000831001,metalmark capital holdings llc,citigroup inc,2009-02-27,1994-03-31,Between 2009-02-27 and 2010-02-26,363,0,5172,32,3,1,0.6667,strict,Metalmark Capital,Citigroup
0001564708,move inc,news corp,2015-08-13,2013-05-24,Between 2015-08-13 and 2016-08-12,54,1,822,13,13,1,1.0,strict,Move inc.,News Corp
0001336917,myfitnesspal inc,under armour inc,2016-02-22,2005-08-26,Between 2016-02-22 and 2017-02-23,1,0,22,11,1,1,1.0,strict,MyFitnessPal,Under Armour
0001467373,navisite europe limited,accenture plc,2024-10-10,2009-10-19,Active as of 2024-10-10,46,1,1442,16,5,1,0.5,strict,NaviSite,Accenture
0000109694,nebraska furniture mart inc,berkshire hathaway inc de,1997-03-31,1997-03-31,Between 1997-03-31 and 1998-03-30,46,1,47,2,38,1,1.0,strict,Nebraska Furniture Mart,Berkshire Hathaway
0001288776,neotonic software corporation,google inc,2004-07-12,2004-04-29,Between 2004-07-12 and 2005-03-30,4,0,153,9,1,1,1.0,strict,Neotonic Software,Google
0001124610,nicira inc,vmware inc,2013-02-27,2007-04-26,Between 2013-02-27 and 2014-02-25,4,1,153,17,2,1,1.0,strict,Nicira,VMware
0000813828,nickelodeon virtual worlds llc,viacom inc,2020-02-20,1994-03-31,Between 2020-02-20 and 2021-02-24,373,1,2798,31,7,1,0.5,strict,Nickelodeon Kids & Family Virtual Worlds Group,Viacom
0000934798,nordictrack inc,icon health & fitness inc,2002-05-31,2000-03-31,Active as of 2002-05-31,9,1,20,2,3,1,1.0,strict,NordicTrack,Icon Health & Fitness
0001124198,ii nuscale holdings corp,fluor corp,2012-02-22,2000-11-22,Between 2012-02-22 and 2013-02-20,28,0,1755,23,2,1,0.5,strict,NuScale,Fluor Corporation
0001467858,opel wien gmbh,general motors co,2012-02-27,2009-08-07,Between 2012-02-27 and 2013-02-15,47,0,996,18,4,1,1.0,strict,Opel Wien,General Motors
0001067983,oriental trading company inc,berkshire hathaway inc,2013-03-01,1999-03-30,Between 2013-03-01 and 2014-03-03,20,0,502,27,17,1,1.0,strict,Oriental Trading Company,Berkshire Hathaway
0001591956,overland storage gmbh,sphere 3d corp,2018-03-21,2018-03-21,Between 2018-03-21 and 2019-04-01,15,1,23,5,37,1,1.0,strict,Overland Storage,Sphere 3D
0001002517,persay inc,nuance communications inc,2011-11-29,2000-03-30,Between 2011-11-29 and 2012-11-29,25,0,331,21,1,1,1.0,strict,PerSay,Nuance Communications
0001067983,precision castparts corp,berkshire hathaway inc,2017-02-27,1999-03-30,Between 2017-02-27 and 2018-02-26,22,0,502,27,185,1,1.0,strict,Precision Castparts Corp.,Berkshire Hathaway
0001400891,premiere networks inc,iheartmedia inc,2015-02-19,2008-07-30,Between 2015-02-19 and 2016-02-25,1,1,553,16,28,1,1.0,strict,Premiere Networks,iHeartMedia
0000925645,pro plus doo,central european media enterprises ltd,2018-02-08,1997-03-24,Active as of 2018-02-08,2,0,247,20,139,1,0.6667,strict,Pro Plus,Central European Media Enterprises
0000789933,proctor silex canada inc,nacco industries inc,1996-03-29,1996-03-29,Between 1996-03-29 and 1997-03-27,24,1,173,27,5,1,0.6667,strict,Proctor Silex,NACCO Industries
0001050915,quanta technology llc,quanta services inc,2008-02-29,1998-02-09,Between 2008-02-29 and 2009-03-02,42,0,834,24,12,1,1.0,strict,Quanta Technology,Quanta Services
0001158172,rentrak bv,comscore inc,2023-03-02,2007-04-02,Between 2023-03-02 and 2024-03-12,49,1,78,8,2,1,1.0,strict,Rentrak,Comscore
0001322739,riddell sports group inc,easton bell sports inc,2008-03-25,2006-03-30,Between 2008-03-25 and 2009-02-26,13,1,24,6,6,1,1.0,strict,Riddell Sports Group,Easton-Bell Sports
0000056873,roundys inc,kroger co,2016-03-29,1994-03-11,Between 2016-03-29 and 2017-03-28,22,0,315,28,2,1,1.0,strict,Roundy's,Kroger
0000888675,metro ambulance service (rural) inc,american medical response inc,2011-09-27,2011-09-27,Active as of 2011-09-27,122,1,122,1,152,1,0.5,strict,Rural Metro,American Medical Response
0001069258,sys,kratos defense & security solutions inc,2009-08-28,2001-03-29,Between 2009-08-28 and 2011-06-07,2,0,175,22,8,1,0.5,strict,SYS Technologies,Kratos Defense & Security Solutions
0000796343,scene7 inc,adobe systems inc,2008-01-24,1995-02-17,Between 2008-01-24 and 2009-01-23,7,0,269,29,1,1,1.0,strict,Scene7,Adobe
0001032975,logitech (slim devices) inc,logitech international sa,2008-05-30,1999-06-30,Between 2008-05-30 and 2009-06-01,33,0,132,16,2,1,0.6667,strict,Slim Devices,Logitech
0001104188,sogou inc,sohu com inc,2006-02-28,2000-02-04,Between 2006-02-28 and 2007-03-08,5,0,91,16,1,1,1.0,strict,Sogou,Sohu
0001318605,solarcity corporation,tesla inc,2017-03-01,2010-01-29,Between 2017-03-01 and 2018-02-23,267,1,531,12,2,1,1.0,strict,SolarCity,"Tesla, Inc."
0000895728,spectra energy corp,enbridge inc,2018-02-16,2018-02-16,Between 2018-02-16 and 2019-02-15,391,0,630,8,22,1,1.0,strict,Spectra Energy,Enbridge
0000791519,staples argentina sa,staples inc,2011-03-02,1996-04-11,Between 2011-03-02 and 2012-02-29,20,0,468,22,4,1,1.0,strict,Staples Argentina,Staples Inc.
0000093859,steak n shake inc,biglari holdings inc,1995-12-26,1995-12-26,Between 1995-12-26 and 1998-12-21,3,1,44,11,4,1,1.0,strict,Steak 'n Shake,Biglari Holdings Inc.
0000089089,stewart enterprises inc,service corporation international,2014-02-14,1994-03-31,Between 2014-02-14 and 2015-02-13,39,0,986,28,41,1,1.0,strict,Stewart Enterprises,Service Corporation International
0000896878,tsheets hold co inc,intuit inc,2024-09-04,1996-10-24,Active as of 2024-09-04,10,0,237,28,1,1,0.5,strict,TSheets,Intuit
0000911971,teekay petrojarl offshore llc,teekay corp,2016-05-02,2001-07-11,Between 2016-05-02 and 2024-08-07,287,0,295,3,4,1,0.6667,strict,Teekay Petrojarl,Teekay
0001549346,turbosquid inc,shutterstock inc,2022-02-10,2012-08-30,Between 2022-02-10 and 2023-02-14,7,0,47,11,1,1,1.0,strict,TurboSquid,Shutterstock
0001437107,discovery romania srl,warner bros discovery inc,2008-08-01,2008-08-01,Between 2008-08-01 and 2009-02-26,133,0,1464,17,54,1,0.5,strict,Warner Bros. Discovery Romania,Warner Bros. Discovery
0001308161,news broadcasting australia pty limited,news corp,2005-09-01,2005-09-01,Between 2005-09-01 and 2006-08-23,1234,1,2673,13,39,1,0.6667,strict,News Broadcasting,News Corp
0001001039,disney worldwide services inc,walt disney co,2013-11-20,1995-12-28,Between 2013-11-20 and 2014-11-19,14,1,184,21,4,1,0.5,strict,Disney Publishing Worldwide,The Walt Disney Company
0001722482,vwr international (n ireland) ltd,avantor inc,2019-04-05,2019-04-05,Between 2019-04-05 and 2020-02-14,75,0,107,6,6,1,0.6667,strict,VWR International,Avantor
0001136893,worldpay bv,fidelity national information services inc,2020-02-20,2001-05-18,Between 2020-02-20 and 2021-02-18,81,1,885,25,2,1,1.0,strict,Worldpay,Fidelity National Information Services
0001117106,venda inc,netsuite inc,2015-03-02,2007-07-02,Between 2015-03-02 and 2016-02-24,6,0,31,9,1,1,1.0,strict,Venda Inc,NetSuite
0000813828,viacomcbs international distribution inc,viacom inc,2021-02-24,1994-03-31,Between 2021-02-24 and 2022-02-15,20,0,2798,31,1,1,0.6667,strict,ViacomCBS International,Viacom
0001570585,virgin mobile group (uk) limited,liberty global plc,2014-02-13,2014-02-13,Between 2014-02-13 and 2015-02-13,620,1,1159,11,47,1,0.75,strict,Virgin Mobile UK,Liberty Global
0001437107,warner bros international television distribution inc,warner bros discovery inc,2023-02-24,2008-08-01,Between 2023-02-24 and 2024-02-23,863,1,1464,17,60,1,0.6667,strict,Warner Bros. Domestic Television Distribution,Warner Bros. Discovery
0001530950,the weetabix company inc,post holdings inc,2017-11-17,2012-01-09,Between 2017-11-17 and 2018-11-16,33,0,143,17,1,1,1.0,strict,Weetabix Limited,Post Holdings
0000103379,vf asia pacific jeanswear limited,v f corp,2017-03-01,1994-03-24,Between 2017-03-01 and 2018-02-28,85,0,592,30,11,0,0.0,,,
0000023217,the frozen potato products business),conagra foods inc de,1994-08-26,1994-08-26,Between 1994-08-26 and 1995-08-24,35,0,245,26,5,0,0.0,,,
0000923118,groton housing redevelopment co,home properties of new york inc,2000-03-30,1998-03-24,Between 2000-03-30 and 2001-03-29,238,0,511,18,8,0,0.0,,,
0000895565,environmental protection & improvement company llc,synagro technologies inc,2006-03-30,1997-04-15,Between 2006-03-30 and 2007-03-02,27,0,118,11,112,0,0.0,,,
0000874761,somerset solar llc,aes corporation,2022-02-28,1997-03-31,Between 2022-02-28 and 2022-11-04,435,0,4579,30,52,0,0.0,,,
0000707606,sungard treasury systems europe,systems & computer technology corp,2006-04-19,1995-12-21,Active as of 2006-04-19,173,1,176,4,7,0,0.0,,,
0000096223,jefferies asset management holdings llc,leucadia national corp,2020-01-29,1994-03-23,Between 2020-01-29 and 2021-01-29,12,0,627,32,4,0,0.0,,,
0001712184,columbus networks de costa rica srl,liberty latin america ltd,2017-11-16,2017-11-16,Between 2017-11-16 and 2018-02-14,173,1,258,8,111,0,0.0,,,
0000078460,duke energy international llc,piedmont natural gas co inc,2018-02-21,2006-01-17,Between 2018-02-21 and 2019-02-28,290,1,429,10,43,0,0.0,,,
0001267238,cwi corporate,assurant inc,2015-02-19,2003-12-10,Between 2015-02-19 and 2016-02-16,10,0,454,22,20,0,0.0,,,
0000029905,tranter inc,dover corp,1994-03-30,1994-03-30,Between 1994-03-30 and 1996-03-26,90,0,1307,31,1,0,0.0,,,
0000028412,vrb ocala ranch llc,comerica inc new,2020-02-11,1994-03-30,Between 2020-02-11 and 2021-02-09,2,0,273,26,5,0,0.0,,,
0000085535,royal gold international holdings inc,royal gold inc,2020-08-06,2004-09-13,Between 2020-08-06 and 2021-08-12,2,0,54,14,138,0,0.0,,,
0000869267,questar imaging inc,diagnostic imaging services inc de,2010-08-30,1997-08-18,Between 2010-08-30 and 2011-01-10,26,1,42,3,15,0,0.0,,,
0000884905,weld consult sa,praxair inc,2003-03-10,1997-03-14,Between 2003-03-10 and 2004-03-08,28,0,851,22,7,0,0.0,,,
0001534504,pbf international inc,pbf energy inc,2017-02-24,2012-02-22,Between 2017-02-24 and 2018-02-23,11,1,44,12,5,0,0.0,,,
0000024454,regalsafe limited,cooper industries inc,2000-03-29,1994-03-31,Between 2000-03-29 and 2001-03-30,44,1,470,9,3,0,0.0,,,
0001872789,embecta belgium bv,embecta corp,2022-12-22,2022-02-03,Between 2022-12-22 and 2023-11-29,53,0,119,4,1,0,0.0,,,
0000831001,applied expert systems inc,citigroup inc,1994-03-31,1994-03-31,Between 1997-03-26 and 1998-03-24,361,0,5172,32,176,0,0.0,,,
0001711799,nr tampa medical llc,nuveen global cities reit inc,2023-03-24,2017-07-27,Between 2023-03-24 and 2024-03-22,38,0,104,10,13,0,0.0,,,
0001243429,industeel france sa,arcelor,2007-09-28,2007-09-28,Active as of 2007-09-28,31,0,31,1,1,0,0.0,,,
0000874265,chardon quality care inc,genesis health ventures inc pa,1998-12-29,1996-12-30,Between 1998-12-29 and 1999-12-29,153,1,790,8,7,0,0.0,,,
0001350381,eyelevel llc,innerworkings inc,2014-03-18,2006-05-10,Between 2014-03-18 and 2015-03-06,29,0,162,14,2,0,0.0,,,
0000925692,united cable television corporation of michigan,tele communications inc co,1996-03-27,1994-06-23,Between 1996-03-27 and 1997-03-28,853,1,1757,6,656,0,0.0,,,
0000007032,aramark fsm llc,aramark corp,2007-06-07,2007-06-07,Between 2007-06-07 and 2007-12-27,249,1,355,7,6,0,0.0,,,
0000761648,pr new river owner lp,cedar realty trust inc,2011-03-15,2003-10-14,Between 2011-03-15 and 2012-03-06,85,0,405,16,53,0,0.0,,,
0001271484,assuretec systems inc,assuretec holdings inc,2003-12-11,2003-12-11,Active as of 2003-12-11,4,0,4,1,1,0,0.0,,,
0001048477,biomarin delivery canada inc,biomarin pharmaceutical inc,2002-04-01,2002-04-01,Between 2002-04-01 and 2003-03-03,13,0,41,11,1,0,0.0,,,
0000925692,tcg chicago,tele communications inc co,1996-03-27,1994-06-23,Between 1996-03-27 and 1997-03-28,853,1,1757,6,17,0,0.0,,,
0000740260,vtr shi venture llc,ventas inc,2025-02-13,1996-03-29,Active as of 2025-02-13,181,0,3485,28,9,0,0.0,,,
0000861361,be aerospace consumables management (hong kong) limited,be aerospace inc,2012-02-24,1998-02-12,Between 2012-02-24 and 2013-02-21,9,1,209,16,34,0,0.0,,,
0001044942,rhn scott memorial hospital llc,province healthcare co,2014-07-11,1997-08-27,Active as of 2014-07-11,74,1,329,9,3,0,0.0,,,
0000096021,sysco eu ii sã¡rl,sysco corp,2018-08-27,1994-09-29,Between 2018-08-27 and 2019-08-26,42,0,770,31,2,0,0.0,,,
0000084567,global crossing australia pty limited,frontier corp ny,2010-06-18,1994-03-25,Active as of 2010-06-18,88,1,260,10,632,0,0.0,,,
0001101239,harbour exchange management company limited,equinix inc,2024-02-16,2001-03-27,Between 2024-02-16 and 2024-05-08,6,0,560,66,26,0,0.0,,,
0000089089,sci cerberus llc,service corporation international,2011-02-14,1994-03-31,Between 2011-02-14 and 2012-02-13,34,0,986,28,134,0,0.0,,,
0001067092,first chicago chile investments inc,bank one corp,2002-03-04,1999-03-29,Between 2002-03-04 and 2003-03-05,75,0,426,6,847,0,0.0,,,
0001053112,mag rack entertainment llc,cablevision systems corp ny,2004-03-15,1998-01-20,Between 2004-03-15 and 2005-03-16,168,1,453,18,11,0,0.0,,,
0000915338,crown mortgage management inc,crown northcorp inc,2006-04-17,1997-03-31,Between 2006-04-17 and 2007-04-17,7,0,27,6,117,0,0.0,,,
0000036995,tcf wf 4 llc,first union corp,2007-02-28,1994-03-08,Between 2007-02-28 and 2008-02-28,395,1,2900,14,16,0,0.0,,,
0001385867,llamasoft kk,coupa software inc,2022-03-16,2016-09-08,Active as of 2022-03-16,8,0,41,5,1,0,0.0,,,
0001662972,ah housing fund 1382 lp and 1 subsidiary,blackstone real estate income trust inc,2023-05-16,2016-08-10,Between 2023-05-16 and 2024-03-28,745,0,1778,18,47,0,0.0,,,
0000313616,danaher hk holdings ltd,danaher corp de,2008-02-21,1997-03-28,Between 2008-02-21 and 2009-02-25,131,0,2082,27,2,0,0.0,,,
0001099219,ml clal member llc,metlife inc,2021-02-19,2000-03-09,Between 2021-02-19 and 2022-02-18,99,0,1525,25,24,0,0.0,,,
0000072971,wells fargo financial utah inc,norwest corp,2002-03-15,1994-03-08,Between 2002-03-15 and 2003-03-14,257,0,3594,28,42,0,0.0,,,
0001779474,ghost management group llc,wm technology inc,2021-06-22,2021-03-12,Between 2021-06-22 and 2022-02-25,14,0,27,4,4,0,0.0,,,
0000948320,legalsimpli software llc,lifemd inc,2019-04-01,2019-04-01,Between 2019-04-01 and 2020-03-30,3,0,8,4,1,0,0.0,,,
0001070423,plains eagle ford pipeline llc,plains all american pipeline lp,2012-02-28,1998-11-03,Between 2012-02-28 and 2013-02-27,20,0,148,27,22,0,0.0,,,
0000820609,apriacare management systems inc,hmss inc de,2010-07-16,2010-07-16,Active as of 2010-07-16,32,1,32,1,5,0,0.0,,,
0000065873,systematics financial services inc,alltel corp,1994-02-18,1994-02-18,Between 1994-02-18 and 1995-02-21,87,0,519,16,3,0,0.0,,,
0000038777,franklin investment advisory services inc,franklin resources inc,1997-12-22,1997-12-22,Between 1997-12-22 and 1998-12-24,61,0,414,27,133,0,0.0,,,
0000880430,fswh company llc,fisher scientific international inc,2004-03-12,1997-03-27,Between 2004-03-12 and 2005-03-16,60,1,391,11,2,0,0.0,,,
0000941548,7 fluid processing (l) bhd,cameron international corp,2010-02-26,1997-03-26,Between 2010-02-26 and 2011-02-28,58,0,836,20,25,0,0.0,,,
0000073902,ogden plant services of new jersey inc,ogden corp,1994-03-29,1994-03-29,Between 1994-03-29 and 1996-03-27,279,0,847,10,16,0,0.0,,,
0000885084,cco ontario holdings inc,premiere radio networks inc,2009-03-30,1997-09-10,Between 2009-03-30 and 2011-06-24,312,1,382,4,11,0,0.0,,,
0000094344,stewart title of oregon inc,stewart information services corp,2006-03-13,1996-03-18,Between 2006-03-13 and 2007-03-01,169,0,1081,29,41,0,0.0,,,
0001101680,communications equipment corporation,zhone technologies inc,2006-03-10,2000-09-22,Between 2006-03-10 and 2007-03-08,10,1,92,17,114,0,0.0,,,
0000925692,tci news damn right inc,tele communications inc co,1996-03-27,1994-06-23,Between 1996-03-27 and 1997-03-28,853,1,1757,6,31,0,0.0,,,
0001363829,vii) atrium group services ltd,enstar group ltd,2014-03-03,2006-07-11,Between 2014-03-03 and 2015-03-02,42,0,656,18,34,0,0.0,,,
0001076195,ltf usa real estate company llc,life time fitness inc,2006-03-09,2004-03-19,Between 2006-03-09 and 2007-02-28,10,0,64,11,4,0,0.0,,,
0000766704,gracewell properties (birmingham) sarl,welltower inc,2015-02-20,1995-02-14,Between 2015-02-20 and 2016-02-18,170,0,3930,30,1,0,0.0,,,
0001087432,intermune bristol ltd,intermune inc,2012-02-29,2002-03-21,Between 2012-02-29 and 2013-03-01,7,0,15,4,2,0,0.0,,,
0001065696,optimal istanbul yedek parca otomotiv sanayi ve ticaret as (95% subsidary of optimal ag & co kg),lkq corp,2020-02-27,2003-07-28,Between 2020-02-27 and 2021-02-26,28,0,663,21,20,0,0.0,,,
0000849869,vogel & noot upakovka ooo,silgan holdings inc,2012-02-29,1996-03-29,Between 2012-02-29 and 2013-02-28,21,0,196,24,4,0,0.0,,,
0000917707,hlw properties inc,heartland wireless communications inc,1995-12-22,1995-12-22,Between 1995-12-22 and 1996-04-01,85,0,106,5,1,0,0.0,,,
0000069526,jul 23,nabisco inc,1997-03-10,1997-03-10,Between 1997-03-10 and 1998-03-10,109,1,241,4,6,0,0.0,,,
0000789073,475938 alberta ltd,american brands inc de,2002-03-29,1996-04-01,Between 2002-03-29 and 2003-03-12,13,0,338,18,1,0,0.0,,,
0001646972,wp properties llc,albertsons companies inc,2015-08-26,2015-08-26,Between 2015-08-26 and 2016-05-11,254,1,364,12,62,0,0.0,,,
0000895456,rocky brands international llc an ohio company lehigh outfitters llc,rocky brands inc,2019-03-13,2004-03-30,Between 2019-03-13 and 2021-03-16,2,0,12,6,117,0,0.0,,,
0000766704,subtenant 11330 farrah lane llc,welltower inc,2015-02-20,1995-02-14,Between 2015-02-20 and 2016-02-18,170,0,3930,30,1,0,0.0,,,
0001393818,joy acquisitions spv gp llc,blackstone inc,2023-02-24,2007-06-04,Between 2023-02-24 and 2024-02-23,107,0,2338,18,9,0,0.0,,,
0001100885,modem media inc,digitas inc,2005-03-15,1999-12-23,Active as of 2005-03-15,5,1,23,7,4,0,0.0,,,
0000920760,lennar financial services llc,lennar corp new,2002-02-28,1997-02-11,Between 2002-02-28 and 2003-02-28,180,0,2451,26,5,0,0.0,,,
0001823945,osrec holdings lp,blue owl capital inc,2022-02-28,2021-05-21,Between 2022-02-28 and 2023-02-27,33,0,96,5,1,0,0.0,,,
0000871891,abs sw lease owner llc,carr gottstein foods co,2017-05-19,2017-05-19,Active as of 2017-05-19,256,1,256,1,47,0,0.0,,,
0001034563,jbre llc,icahn enterprises holdings lp,2018-03-01,2005-03-31,Between 2018-03-01 and 2019-03-01,149,1,791,13,2,0,0.0,,,
0000049826,stokvis tapes (beijing) co ltd,illinois tool works inc,2009-02-27,1994-03-30,Between 2009-02-27 and 2010-02-26,225,0,2464,31,1,0,0.0,,,
0000882287,cornerstone health management corporation,mariner post acute network inc,1997-12-29,1996-12-19,Between 1997-12-29 and 1998-12-29,72,0,305,5,80,0,0.0,,,
0000029915,dow chemical canada inc,dow chemical co de,1995-03-23,1995-03-23,Between 1995-03-23 and 1996-03-15,225,0,1756,30,15,0,0.0,,,
0001023128,lithia of portland llc,lithia motors inc,2015-03-02,1996-11-22,Between 2015-03-02 and 2016-02-26,57,0,662,28,4,0,0.0,,,
0001142750,peak government services llc,amn healthcare services inc,2018-02-16,2001-07-16,Between 2018-02-16 and 2019-02-21,4,0,86,23,85,0,0.0,,,
0000918958,crescent resort development inc,crescent real estate equities co,2003-03-28,1997-03-21,Between 2003-03-28 and 2004-03-12,16,1,337,11,61,0,0.0,,,
0000062709,scalene re ltd,marsh & mclennan companies inc,2020-02-20,1995-03-28,Between 2020-02-20 and 2021-02-17,234,0,3793,30,1,0,0.0,,,
0000853273,borland bv,borland software corp,2003-03-28,1998-03-31,Between 2003-03-28 and 2006-05-02,5,1,92,9,4,0,0.0,,,
0001022438,trammell crow real estate services inc,trammell crow co,1997-09-03,1997-09-03,Between 1997-09-03 and 1999-03-31,215,0,937,9,2,0,0.0,,,
0000857323,gamescape inc,gtech holdings corp,1997-05-23,1997-05-23,Between 1997-05-23 and 1998-05-29,56,0,192,10,1,0,0.0,,,
0001520697,partnerships in care scotland limited,acadia healthcare company inc,2015-02-27,2011-07-13,Between 2015-02-27 and 2015-07-02,147,1,782,21,9,0,0.0,,,
0001134538,accenture llc,accenture ltd,2001-07-02,2001-07-02,Between 2001-07-02 and 2001-11-29,190,1,447,9,2,0,0.0,,,
0001385187,covidien (uk) commercial ltd,covidien ltd,2007-12-13,2007-04-20,Between 2007-12-13 and 2008-11-21,27,0,343,9,4,0,0.0,,,
0000717014,acuson foreign sales corporation,acuson corp,1998-03-27,1997-03-28,Between 1998-03-27 and 2000-03-20,5,0,21,3,1,0,0.0,,,
0000915779,daktronics hk limited,daktronics inc sd,2012-06-13,2003-07-01,Between 2012-06-13 and 2013-06-12,5,0,34,13,1,0,0.0,,,
0000708819,mcdermott technology (us) inc,mcdermott international inc,2019-02-25,1996-06-06,Between 2019-02-25 and 2020-02-28,16,0,132,23,8,0,0.0,,,
0000896159,alic incorporated,chubb ltd,2000-03-29,1996-12-20,Between 2000-03-29 and 2001-03-29,186,0,901,28,4,0,0.0,,,
0001873923,orion fort worth tx llc,orion office reit inc,2022-03-24,2021-10-04,Active as of 2022-03-24,63,0,67,2,85,0,0.0,,,
0001678463,concrete pipe & precast llc,forterra inc,2016-07-08,2016-07-08,Between 2016-07-08 and 2018-03-07,24,0,39,4,23,0,0.0,,,
0000913665,terrestar 14 holdings llc,terrestar corp,2010-03-16,1997-03-28,Active as of 2010-03-16,3,0,39,12,1,0,0.0,,,
0001289790,proair aviation maintenance llc,macquarie infrastructure corp,2007-03-01,2004-06-07,Between 2007-03-01 and 2008-02-28,24,1,316,12,3,0,0.0,,,
0001140536,hrh metro northeast llc,willis group holdings ltd,2009-02-27,2001-05-15,Between 2009-02-27 and 2010-03-01,136,0,1472,26,8,0,0.0,,,
0001070750,host pln business trust,host hotels & resorts inc,2005-12-09,1999-03-26,Between 2005-12-09 and 2006-03-10,18,1,690,19,16,0,0.0,,,
0000871763,manpower services (macau) limited,manpowergroup inc,2009-02-20,1997-03-31,Between 2009-02-20 and 2010-02-19,56,0,1301,28,1,0,0.0,,,
0000701856,safety kleen services (canada) ltd,laidlaw environmental services inc,1998-10-29,1997-10-31,Between 1998-10-29 and 1999-07-12,80,0,212,7,52,0,0.0,,,
0001557127,teston as,usertesting inc,2021-10-13,2021-10-13,Active as of 2021-10-13,7,0,7,1,1,0,0.0,,,
0001499832,townsquare media of ft collins inc,townsquare media inc,2014-07-14,2014-07-14,Between 2014-07-14 and 2016-02-26,199,0,244,6,2,0,0.0,,,
0000081020,duke ventures llc,psi energy inc,2011-02-25,1994-03-21,Between 2011-02-25 and 2012-02-28,233,1,1086,23,43,0,0.0,,,
0000040533,general dynamics ots (downey) inc,general dynamics corp,2002-03-29,1994-03-29,Between 2002-03-29 and 2003-03-24,55,0,651,30,318,0,0.0,,,
0000101829,keystone engineering company,united technologies corp de,2002-02-11,1996-03-28,Between 2002-02-11 and 2003-02-10,65,0,556,29,125,0,0.0,,,
0000736157,time warner cable new zealand holdings ltd,time warner inc,1994-03-30,1994-03-30,Between 1994-03-30 and 1996-03-22,218,1,272,2,49,0,0.0,,,
0000764065,cliffs international management company llc,cliffs natural resources inc,2004-02-13,1994-03-28,Between 2004-02-13 and 2005-02-22,7,0,302,27,10,0,0.0,,,
0001269132,meliora systems inc,sumtotal systems inc,2005-08-01,2005-08-01,Between 2005-08-01 and 2006-03-28,21,1,29,3,4,0,0.0,,,
0000059558,westfield assigned benefits company,lincoln national corp,2008-02-29,1994-03-30,Between 2008-02-29 and 2009-02-27,58,0,366,30,16,0,0.0,,,
0001109354,alicona gmbh,bruker corp,2019-03-01,2000-04-14,Between 2019-03-01 and 2020-03-27,25,0,251,25,1,0,0.0,,,
0001103982,cadbury egypt for importation llc,kraft foods inc,2011-02-28,2001-03-16,Between 2011-02-28 and 2012-02-27,306,0,1403,25,2,0,0.0,,,
0001408356,city ub solar llc,solarcity corp,2013-03-27,2012-10-05,Between 2013-03-27 and 2014-03-18,31,1,228,5,158,0,0.0,,,
0001623613,agila specialties polska sp z oo,mylan nv,2017-03-01,2014-11-05,Between 2017-03-01 and 2018-03-01,125,0,389,6,3,0,0.0,,,
0000902739,century tci holdings llc,nbcuniversal media llc,2018-01-31,2007-01-18,Between 2018-01-31 and 2019-01-31,46,1,1085,9,165,0,0.0,,,
0001792044,mylan products limited,viatris inc,2021-03-01,2020-01-21,Between 2021-03-01 and 2022-02-28,234,1,332,6,3,0,0.0,,,
0000011199,mactac deutschland gmbh,bemis co inc,1999-03-30,1999-03-30,Between 1999-03-30 and 2000-03-29,45,1,203,22,2,0,0.0,,,
0000106618,bairnco graphics private,handy & harman ltd,2016-02-26,1997-03-11,Between 2016-02-26 and 2017-02-28,9,1,127,16,3,0,0.0,,,
0001662972,west clayton athens ga holdings llc and 1 subsidiary,blackstone real estate income trust inc,2021-03-17,2016-08-10,Between 2021-03-17 and 2021-08-26,47,0,1778,18,570,0,0.0,,,
0000917491,sitescape inc,faro technologies inc,2023-02-15,1997-08-06,Between 2023-02-15 and 2024-02-28,13,1,74,16,2,0,0.0,,,
0001048286,the ritz carlton hotel company of the cayman islands ltd,marriott international inc md,2016-02-18,1998-02-13,Between 2016-02-18 and 2017-02-21,259,0,1271,27,12,0,0.0,,,
0000103682,dominion elwood inc,virginia electric & power co,2010-02-26,2003-03-20,Between 2010-02-26 and 2011-02-28,98,1,462,17,64,0,0.0,,,
0000949298,400 carnegie avenue corporation,central parking corp,1997-12-29,1996-12-24,Between 1997-12-29 and 1998-12-29,167,0,482,7,25,0,0.0,,,
0001308161,21st century fox qp holdings pty ltd,news corp,2014-08-14,2005-09-01,Between 2014-08-14 and 2015-08-13,96,0,2673,13,24,0,0.0,,,
0000750556,parkside mortgage llc,suntrust banks inc,2005-03-01,1995-02-22,Between 2005-03-01 and 2006-02-28,146,0,971,19,22,0,0.0,,,
0001364479,hertz investments ltd,hertz global holdings inc,2007-03-30,2007-03-30,Between 2007-03-30 and 2008-02-29,104,1,280,19,8,0,0.0,,,
0000004457,u haul co of florida 905 llc,amerco nv,2006-06-13,1996-06-28,Between 2006-06-13 and 2007-06-07,38,1,535,24,4,0,0.0,,,
0000914444,sun hotels international management nv,sun international hotels ltd,2001-09-21,1996-11-01,Between 2001-09-21 and 2005-11-23,38,1,50,4,216,0,0.0,,,
0001524607,mpt of las cruces hospital llc,mpt operating partnership lp,2013-02-22,2012-02-29,Between 2013-02-22 and 2014-03-03,41,1,738,13,2,0,0.0,,,
0000799292,washingtonmetro residential title agency llc,m i schottenstein homes inc,2014-02-28,1997-03-31,Between 2014-02-28 and 2015-02-27,4,1,60,19,2,0,0.0,,,
0001551152,warner chilcott leasing equipment inc,abbvie inc,2021-02-19,2012-11-30,Between 2021-02-19 and 2022-02-18,202,1,378,14,60,0,0.0,,,
0000097854,t&b mexico llc,thomas & betts corp,2009-02-17,1996-03-29,Between 2009-02-17 and 2010-02-16,54,0,209,13,95,0,0.0,,,
0001004980,spring gap stanislaus project llc,pg&e corp,2002-03-05,1996-12-23,Between 2002-03-05 and 2003-02-27,266,1,360,7,110,0,0.0,,,
0001551152,organics llc,abbvie inc,2012-11-30,2012-11-30,Between 2012-11-30 and 2013-03-15,94,1,378,14,16,0,0.0,,,
0000831001,associates mexico holdings llc,citigroup inc,2002-03-12,1994-03-31,Between 2002-03-12 and 2003-03-03,368,0,5172,32,89,0,0.0,,,
0000736157,time international inc,time warner inc,1994-03-30,1994-03-30,Between 1994-03-30 and 1996-03-22,218,1,272,2,49,0,0.0,,,
0001092223,wells aircraft inc,mini mart inc,1999-08-20,1999-08-20,Active as of 1999-08-20,88,1,88,1,42,0,0.0,,,
0000765880,mob 75 of tennessee llc,healthpeak properties inc,2007-02-13,1996-02-06,Between 2007-02-13 and 2008-02-12,528,0,1957,25,7,0,0.0,,,
0001678531,wilton nsc llc,envision healthcare corp,2017-03-01,2017-03-01,Between 2017-03-01 and 2018-03-01,759,1,809,2,12,0,0.0,,,
0001630031,brixmor ga kingston overlook llc,brixmor operating partnership lp,2015-02-19,2015-02-19,Between 2015-02-19 and 2016-02-29,618,1,699,10,2,0,0.0,,,
0000001800,knoll pharma unlimited,abbott laboratories,2006-02-22,1994-03-03,Between 2006-02-22 and 2007-02-23,41,0,1522,31,8,0,0.0,,,
0001034563,federal mogul bremsbelag gmbh,icahn enterprises holdings lp,2015-02-27,2005-03-31,Between 2015-02-27 and 2016-02-29,91,1,791,13,114,0,0.0,,,
0001488139,midstate correctional marcy ny solar llc,ameresco inc,2021-03-02,2010-05-28,Between 2021-03-02 and 2022-03-01,158,0,766,14,6,0,0.0,,,
0000019353,fashion bug plus #966inc,charming shoppes inc,1995-04-24,1995-04-24,Between 1995-04-24 and 1996-05-03,2196,0,4867,18,35,0,0.0,,,
0000103730,vishay korea,vishay intertechnology inc,2000-03-30,1997-03-27,Between 2000-03-30 and 2001-03-30,25,0,457,27,3,0,0.0,,,
0001071739,nia ipa of new york inc,centene corp,2023-02-21,2001-10-09,Between 2023-02-21 and 2024-02-20,39,1,385,26,5,0,0.0,,,
0001015551,sprint spectrum co ii llc,sprint spectrum l p,2021-03-30,1997-03-31,Between 2021-03-30 and 2021-04-21,197,1,202,3,14,0,0.0,,,
0000891103,hot belgium sa,iacinteractivecorp,2004-03-16,1997-04-14,Between 2004-03-16 and 2005-03-16,78,1,1224,29,57,0,0.0,,,
0000051644,custom production service inc,interpublic group of companies inc,2002-06-03,1994-03-30,Between 2002-06-03 and 2003-03-28,72,1,4107,31,94,0,0.0,,,
0000892553,chart ferox as,chart industries inc,2006-04-13,1998-03-19,Between 2006-04-13 and 2006-06-14,3,1,153,29,7,0,0.0,,,
0000072971,wells fargo financial california inc,norwest corp,2002-03-15,1994-03-08,Between 2002-03-15 and 2003-03-14,257,0,3594,28,42,0,0.0,,,
0000078003,pfizer luxembourg international sarl,pfizer inc,2015-02-27,1994-03-25,Between 2015-02-27 and 2015-09-03,89,0,2141,31,4,0,0.0,,,
0001476719,crumbs westfield llc,57th street general acquisition corp,2011-05-11,2011-05-11,Between 2011-05-11 and 2012-03-30,50,0,62,2,1,0,0.0,,,
0000065350,firstenergy nuclear operating company,metropolitan edison co,2002-04-01,1995-03-10,Between 2002-04-01 and 2005-03-10,27,1,44,10,9,0,0.0,,,
0001639315,mrt of spartanburg sc snf llc,ohi healthcare properties limited partnership,2020-02-28,2018-02-23,Active as of 2020-02-28,147,1,297,3,5,0,0.0,,,
0000314203,mcewen mining nevada inc,mcewen mining inc,2018-02-21,2006-04-07,Between 2018-02-21 and 2019-02-20,6,0,61,13,1,0,0.0,,,
0000315293,nicholson leslie marine limited,aon plc,1996-04-01,1996-02-12,Between 1996-04-01 and 1997-03-26,658,0,5214,30,6,0,0.0,,,
0001434620,resort solutions limited,interval leisure group inc,2014-02-28,2008-08-01,Between 2014-02-28 and 2015-02-27,16,0,256,11,33,0,0.0,,,
0001755672,pioneer overseas corp (branch in egypt),corteva inc,2019-05-06,2019-05-06,Between 2019-05-06 and 2020-02-14,252,0,499,7,147,0,0.0,,,
0000771497,abm healthcare support services inc,abm industries inc de,2015-12-17,1998-01-29,Between 2015-12-17 and 2016-12-21,34,0,234,22,6,0,0.0,,,
0000915913,albemarle pharmaceuticals company limited,albemarle corp,2003-02-26,1997-03-27,Between 2003-02-26 and 2004-03-01,11,0,253,24,4,0,0.0,,,
0001618563,nsa northwest holdings llc,national storage affiliates trust,2015-04-20,2015-04-20,Between 2015-04-20 and 2016-03-10,127,0,385,9,5,0,0.0,,,
0001274057,hospira australia pty ltd,hospira inc,2008-02-28,2004-03-31,Between 2008-02-28 and 2009-02-25,22,1,163,13,3,0,0.0,,,
0000855906,emosyn international limited,silicon storage technology inc,2008-01-16,2003-03-21,Between 2008-01-16 and 2008-03-18,19,0,22,4,2,0,0.0,,,
0001678531,surgery center of allentown llc,envision healthcare corp,2017-03-01,2017-03-01,Between 2017-03-01 and 2018-03-01,759,1,809,2,26,0,0.0,,,
0000831001,washington & watts llc,citigroup inc,2005-02-28,1994-03-31,Between 2005-02-28 and 2006-02-24,177,0,5172,32,184,0,0.0,,,
0001019878,anr amer nielsen research doo,acnielsen corp,1999-03-25,1996-10-07,Between 1999-03-25 and 2000-03-27,89,0,322,7,17,0,0.0,,,
0001139218,c united communications inc,horizon telecom inc,2001-04-30,2001-04-30,Between 2001-04-30 and 2003-03-31,5,0,6,2,656,0,0.0,,,
0001091862,crompton kazakhstan llp,chemtura corp,2007-03-09,2000-03-30,Between 2007-03-09 and 2008-03-17,62,0,447,18,7,0,0.0,,,
0001318008,blue tomato norway as,zumiez inc,2022-03-14,2005-10-18,Between 2022-03-14 and 2023-03-20,1,0,23,11,447,0,0.0,,,
0001581068,brixmor seminole plaza owner llc,brixmor property group inc,2013-08-23,2013-08-23,Between 2013-08-23 and 2014-03-12,618,1,755,12,2,0,0.0,,,
0001359841,hanes italy srl,hanesbrands inc,2017-02-03,2006-07-25,Between 2017-02-03 and 2018-02-09,83,0,419,23,8,0,0.0,,,
0000217346,textron france holding sarl (999%; 1 share,textron inc,2002-03-14,1996-03-14,Between 2002-03-14 and 2003-02-27,35,0,792,30,4,0,0.0,,,
0000897940,applied research & communications ltd,nfo worldwide inc,2000-03-29,1997-03-31,Active as of 2000-03-29,72,0,172,4,176,0,0.0,,,
0000876883,adrenalina llc,mdc partners inc,2008-03-10,2004-05-10,Between 2008-03-10 and 2009-03-09,8,0,463,22,2,0,0.0,,,
0000061339,mge power llc,madison gas & electric co,2004-03-15,1994-03-31,Active as of 2004-03-15,6,1,10,5,6,0,0.0,,,
0001046501,buca (dt milwaukee) inc,buca inc mn,1999-02-18,1999-02-18,Between 1999-02-18 and 1999-03-24,18,0,25,6,2,0,0.0,,,
0000020171,chubb indemnity insurance company,chubb corp,1996-03-28,1994-03-29,Between 1996-03-28 and 1997-03-28,3,1,42,14,6,0,0.0,,,
0001796209,secunova ab,api group corp,2021-03-24,2020-04-02,Between 2021-03-24 and 2022-03-01,42,0,195,5,1,0,0.0,,,
0000883701,finova ventana llc (delaware),finova group inc,2001-04-17,1994-03-10,Between 2001-04-17 and 2002-03-15,13,1,214,14,2,0,0.0,,,
0000873850,phase metrics pacific pte ltd,helios inc,1998-06-11,1998-06-11,Active as of 1998-06-11,8,1,8,1,28,0,0.0,,,
0000007536,a arrowcomponents (agent) ltd,arrow electronics inc,2002-03-29,1997-03-27,Between 2002-03-29 and 2003-03-27,38,0,949,28,1,0,0.0,,,
0000068505,motorola de los andes ca,motorola solutions inc,1999-03-22,1996-03-22,Between 1999-03-22 and 2000-03-22,32,0,238,27,5,0,0.0,,,
0000051644,media initiative limited,interpublic group of companies inc,1994-03-30,1994-03-30,Between 1994-03-30 and 1996-03-29,379,0,4107,31,125,0,0.0,,,
0000882184,porter gp llc,horton d r inc de,2002-12-13,1996-12-20,Between 2002-12-13 and 2003-12-12,117,0,823,27,20,0,0.0,,,
0000063908,svenska mcdonalds ab,mcdonalds corp,2006-02-27,1994-03-29,Between 2006-02-27 and 2007-02-26,22,0,182,22,8,0,0.0,,,
0000029905,dover resources uk sales ltd,dover corp,2005-03-14,1994-03-30,Between 2005-03-14 and 2006-03-07,223,0,1307,31,44,0,0.0,,,
0001039934,simula aerospace & defense group inc,international center for safety education inc,2004-01-07,2004-01-07,Active as of 2004-01-07,62,1,62,1,3,0,0.0,,,
0000067887,tritech international limited,moog inc,2021-11-15,2021-11-15,Between 2021-11-15 and 2022-11-14,51,0,59,4,1,0,0.0,,,
0001571116,truven health analytics inc,truven holding corp,2013-04-15,2013-04-15,Between 2013-04-15 and 2015-03-13,3,0,14,2,1,0,0.0,,,
0000889423,satcon india pvt ltd,satcon technology corp,2012-03-15,1997-12-29,Active as of 2012-03-15,9,0,21,7,1,0,0.0,,,
0000926660,8503 westheimer partners ltd,aimco properties lp,2003-03-25,1998-06-22,Between 2003-03-25 and 2004-03-15,1454,1,4873,24,3,0,0.0,,,
0001474735,generac do brasil ltda (brazil),generac holdings inc,2014-03-03,2009-10-20,Between 2014-03-03 and 2015-02-27,6,0,114,14,2,0,0.0,,,
0000859475,trident digital systems (uk) limited,trident microsystems inc,2011-03-07,1996-09-27,Active as of 2011-03-07,3,0,25,8,52,0,0.0,,,
0001678531,resolute florida anesthesia inc,envision healthcare corp,2017-03-01,2017-03-01,Between 2017-03-01 and 2018-03-01,759,0,809,2,19,0,0.0,,,
0000350797,eaton vance distributors inc,eaton vance corp,1995-01-18,1995-01-18,Between 1995-01-18 and 1997-01-14,7,0,21,10,26,0,0.0,,,
0001419581,federal mogul services eurl,federal mogul holdings corp,2008-03-13,2008-03-13,Between 2008-03-13 and 2009-02-24,120,1,363,9,114,0,0.0,,,
0000894972,clear channel netherlands bv,amfm inc,2009-03-30,1997-03-28,Active as of 2009-03-30,295,1,526,6,103,0,0.0,,,
0001420800,colfax do brasil produtos e servicos para fluidos ltda,enovis corp,2013-02-19,2008-03-11,Between 2013-02-19 and 2014-02-12,48,0,651,16,6,0,0.0,,,
0001166388,kana software ireland no 2 limited,verint systems inc,2015-03-27,2002-03-22,Between 2015-03-27 and 2016-03-30,30,0,173,18,2,0,0.0,,,
0000818479,dentsply (tianjin) international trading co ltd (china),dentsply sirona inc,2016-02-12,1996-04-01,Between 2016-02-12 and 2017-03-01,21,0,857,29,1,0,0.0,,,
0000086312,6 st paul venture capital inc,st paul companies inc mn,2000-03-30,1994-03-18,Between 2000-03-30 and 2001-03-28,54,0,604,28,419,0,0.0,,,
0000089121,1st classic inns corp,servico inc,1997-03-27,1997-03-27,Between 1997-03-27 and 1998-03-31,98,0,122,2,45,0,0.0,,,
0001299109,tunica golf course llc,peninsula gaming llc,2016-12-20,2004-07-30,Between 2016-12-20 and 2018-06-28,56,1,68,7,11,0,0.0,,,
0001064728,peabody coaltrade international ltd,peabody energy corp,2022-02-18,1998-07-14,Between 2022-02-18 and 2023-02-24,6,0,624,25,18,0,0.0,,,
0001276187,chalkley transmission company ltd,energy transfer equity lp,2006-11-29,2005-12-20,Between 2006-11-29 and 2007-04-11,8,1,854,20,4,0,0.0,,,
0001171825,cit equipment finance (uk) (in liquidation),cit group inc,2017-03-16,2002-06-12,Between 2017-03-16 and 2018-02-23,18,0,1102,20,15,0,0.0,,,
0001407595,bbva securities holdings (uk) limited,bbva international preferred sa unipersonal,2008-02-15,2008-02-15,Active as of 2008-02-15,364,1,364,1,3,0,0.0,,,
0000048465,hormel foods operations llc,hormel foods corp de,2021-12-10,2002-01-25,Between 2021-12-10 and 2022-12-06,2,0,132,19,1,0,0.0,,,
0000091767,sonoco graphics india private limited a 5102% owned foreign subsidiary,sonoco products co,2019-02-28,1994-03-30,Between 2019-02-28 and 2020-02-28,36,0,519,27,1,0,0.0,,,
0000054480,sis bulk holding inc,kansas city southern industries inc,2001-01-25,1994-03-22,Between 2001-01-25 and 2001-03-27,3,0,175,25,11,0,0.0,,,
0001156375,cmef luxembourg sã rl,cme group inc,2019-02-28,2002-03-28,Between 2019-02-28 and 2020-02-28,85,0,197,18,1,0,0.0,,,
0001047499,nexprise international limited,nexprise inc,2003-03-18,1999-11-10,Active as of 2003-03-18,4,0,7,4,1,0,0.0,,,
0000101594,ruby mining company,us energy corp,1995-09-13,1995-09-13,Between 1995-09-13 and 1996-09-13,20,0,26,6,25,0,0.0,,,
0000899051,ng holdings llc,allstate corp,2021-02-22,1997-03-27,Between 2021-02-22 and 2022-02-18,84,1,435,28,16,0,0.0,,,
0000820027,ameriprise india insurance brokers services private limited,ameriprise financial inc,2012-02-24,2005-07-25,Between 2012-02-24 and 2013-02-27,19,0,363,17,2,0,0.0,,,
0000818074,all american semiconductor of massachusetts inc,all american semiconductor inc,1998-03-30,1998-03-30,Between 1998-03-30 and 2001-04-02,26,0,32,4,249,0,0.0,,,
0001662972,ah housing fund 1552 lp and 1 subsidiary,blackstone real estate income trust inc,2023-05-16,2016-08-10,Between 2023-05-16 and 2024-03-28,745,0,1778,18,47,0,0.0,,,
0001345126,clean earth holdings inc,compass diversified holdings,2015-03-02,2007-03-13,Between 2015-03-02 and 2016-02-29,23,1,266,17,78,0,0.0,,,
0000711039,quantum hong kong limited,maxtor corp,2001-05-29,1994-06-24,Between 2001-05-29 and 2002-03-29,20,0,68,7,84,0,0.0,,,
0001267238,assurant investment management llc,assurant inc,2017-02-14,2003-12-10,Between 2017-02-14 and 2018-02-14,21,0,454,22,2,0,0.0,,,
0000809697,ups az,united parcel service of america inc,1999-03-30,1994-03-30,Active as of 1999-03-30,43,1,276,5,4,0,0.0,,,
0000926660,aimco canterbury gardens preservation gp llc,aimco properties lp,2008-03-04,1998-06-22,Between 2008-03-04 and 2009-02-27,142,1,4873,24,7,0,0.0,,,
0001395585,percentage of ownership 100% trinity life insurance company,first trinity financial corp,2009-04-14,2009-04-14,Between 2009-04-14 and 2010-04-15,3,0,10,6,11,0,0.0,,,
0000899689,shenandoah dc holding llc,vornado realty trust,2008-02-26,1995-03-23,Between 2008-02-26 and 2009-02-24,91,1,1888,29,19,0,0.0,,,
0000070858,tucker commercial lease funding llc,bank of america corp de,2003-03-03,1994-03-30,Between 2003-03-03 and 2004-03-01,130,0,4603,28,25,0,0.0,,,
0001332349,arc aurora llc,brookdale senior living inc,2007-03-16,2005-09-21,Between 2007-03-16 and 2008-02-29,367,1,1711,21,86,0,0.0,,,
0001758766,stem development llc,stem inc,2022-02-28,2021-05-04,Between 2022-02-28 and 2023-02-17,4,0,26,3,9,0,0.0,,,
0000091388,texas county land llc,smithfield foods inc,2009-06-24,1996-07-18,Between 2009-06-24 and 2010-06-18,8,0,415,20,477,0,0.0,,,
0000043920,greif volga don llc,greif brothers corp,2008-12-16,1995-01-18,Between 2008-12-16 and 2009-12-23,18,0,461,26,2,0,0.0,,,
0001688568,hewlett packard consultorã­a y aplicaciones espaã±a sl,dxc technology co,2017-02-14,2017-02-14,Between 2017-02-14 and 2017-06-01,171,0,1127,10,5,0,0.0,,,
0000017109,los angeles magazine holding company inc,capital cities abc inc ny,1994-03-30,1994-03-30,Active as of 1994-03-30,171,1,171,1,59,0,0.0,,,
0000085388,huntington properties inc,rouse company,2000-03-30,1996-03-05,Between 2000-03-30 and 2001-03-30,3,0,933,11,54,0,0.0,,,
0000888002,alliance barra research institute inc,equitable companies inc,1997-03-28,1997-03-28,Between 1997-03-28 and 1998-03-20,285,1,568,5,195,0,0.0,,,
0000775662,leesport wealth management llc,first leesport bancorp inc,2003-03-20,1996-03-28,Between 2003-03-20 and 2004-03-19,6,0,27,9,2,0,0.0,,,
0001164727,nvl png limited,newmont corp de,2010-02-25,2002-03-27,Between 2010-02-25 and 2011-02-24,10,1,680,23,3,0,0.0,,,
0001476150,terreno 550 delancy llc,terreno realty corp,2014-02-19,2010-03-29,Between 2014-02-19 and 2015-02-11,29,0,246,16,1,0,0.0,,,
0001465128,srp 643 sub trs inc,starwood property trust inc,2013-02-27,2010-03-08,Between 2013-02-27 and 2014-02-26,39,1,784,15,10,0,0.0,,,
0000858877,cisco services malaysia sdn bhd,cisco systems inc,2009-09-11,1995-10-26,Between 2009-09-11 and 2010-09-21,22,0,930,30,12,0,0.0,,,
0001142470,metra metaalwerken bvba,standard havens inc,2004-01-22,2001-06-14,Active as of 2004-01-22,100,1,228,2,9,0,0.0,,,
0000051644,ls design pty,interpublic group of companies inc,2002-04-01,1994-03-30,Between 2002-04-01 and 2002-06-03,592,0,4107,31,45,0,0.0,,,
0000769589,amax gold refugio inc,cyprus amax minerals co,1996-03-29,1994-03-29,Between 1996-03-29 and 1997-03-26,27,1,253,6,6,0,0.0,,,
0001099735,tribune television new orleans inc,gracenote inc,2016-03-24,2016-03-24,Active as of 2016-03-24,215,1,215,1,14,0,0.0,,,
0000003972,allied switzerland gmbh,allied tube & conduit corp,2011-06-03,2011-06-03,Active as of 2011-06-03,23,1,23,1,180,0,0.0,,,
0001122976,colormatrix asia limited,polyone corp,2012-02-17,2001-03-28,Between 2012-02-17 and 2013-02-12,25,0,437,24,1,0,0.0,,,
0000916076,martin marietta materials de mexico sa de cv,martin marietta materials inc,1998-03-30,1997-03-25,Between 1998-03-30 and 1999-02-04,13,0,192,23,62,0,0.0,,,
0001368007,gl trade iberica sl,nyse euronext inc,2006-10-30,2006-10-30,Between 2006-10-30 and 2007-05-01,104,1,207,10,24,0,0.0,,,
0000931182,eqr marymont vistas inc,erp operating ltd partnership,2009-02-26,1997-03-24,Between 2009-02-26 and 2010-02-25,828,1,1754,24,2,0,0.0,,,
0001273801,nrfc denver member llc,northstar realty,2007-03-15,2004-10-21,Between 2007-03-15 and 2008-02-29,74,0,166,12,5,0,0.0,,,
0001813756,808 wilshire boulevard tenant llc,wework inc,2021-10-26,2021-10-26,Between 2021-10-26 and 2023-03-29,763,0,768,2,4,0,0.0,,,
0001478242,iqvia technology solutions sro branch bulgaria,iqvia holdings inc,2019-02-19,2013-02-15,Between 2019-02-19 and 2020-02-18,85,0,1052,16,1,0,0.0,,,
0000740260,providence innovation district phase ii owner llc,ventas inc,2019-02-08,1996-03-29,Between 2019-02-08 and 2020-02-24,39,0,3485,28,57,0,0.0,,,
0000817161,alaris medical luxembourg ii sa rl,alaris medical inc,2004-03-04,1996-04-01,Active as of 2004-03-04,3,0,55,10,5,0,0.0,,,
0001002638,zixcorp global inc,open text corp,2022-08-05,2003-09-29,Between 2022-08-05 and 2023-08-03,20,1,684,23,2,0,0.0,,,
0000866374,vista point technologies (usa) inc,flextronics international ltd,2007-05-29,1996-06-28,Between 2007-05-29 and 2008-05-23,35,0,1301,31,136,0,0.0,,,
0000051644,lamabert multimedia (gecm) inc,interpublic group of companies inc,2006-03-22,1994-03-30,Between 2006-03-22 and 2007-02-28,294,0,4107,31,1,0,0.0,,,
0001697416,adk lagrange operator llc,regional health propertiesinc,2017-02-13,2017-02-13,Active as of 2017-02-13,73,1,73,1,3,0,0.0,,,
0000055067,kellogg espaã±a sl,kellogg co,2019-02-25,1995-03-28,Between 2019-02-25 and 2020-02-24,54,0,476,28,9,0,0.0,,,
0001021860,nov norway international holding llc,national oilwell varco inc,2017-02-17,1996-08-29,Between 2017-02-17 and 2018-02-16,54,0,1020,26,7,0,0.0,,,
0000051253,pt bush boake allen indonesia,international flavors & fragrances inc,2001-03-30,1997-03-31,Between 2001-03-30 and 2002-03-27,99,1,824,22,670,0,0.0,,,
0000042888,devilbiss equipamentos para pintura ltda,graco inc,2013-02-19,1995-03-22,Between 2013-02-19 and 2014-02-18,17,0,111,18,8,0,0.0,,,
0001439095,mrc transmark holdings uk limited,mrc global inc,2016-02-24,2008-09-26,Between 2016-02-24 and 2017-02-17,11,0,118,12,21,0,0.0,,,
0001528059,arc fdftwtx002 llc,arc properties operating partnership lp,2015-03-30,2014-08-01,Between 2015-03-30 and 2016-02-24,325,1,2653,8,86,0,0.0,,,
0001633978,brphotonics produtos optoeletronicos ltda (branch office),lumentum holdings inc,2023-08-23,2015-06-24,Between 2023-08-23 and 2024-08-21,16,0,103,11,3,0,0.0,,,
0000749251,dataquest incorporated,gartner inc,1998-12-24,1996-12-17,Between 1998-12-24 and 1999-12-22,14,1,320,26,4,0,0.0,,,
0000051253,bush boake allen inc,international flavors & fragrances inc,2001-03-30,1997-03-31,Between 2001-03-30 and 2002-03-27,99,1,824,22,10,0,0.0,,,
0001551182,eaton fluid power limited,eaton corp plc,2013-02-28,2012-06-22,Between 2013-02-28 and 2013-09-06,483,1,754,13,26,0,0.0,,,
0000074208,dco gessner development lp,udr inc,2008-02-26,2002-03-29,Between 2008-02-26 and 2009-02-26,37,1,637,24,6,0,0.0,,,
0000813471,shenzhen deltak energy systems company ltd,jason inc,1997-03-27,1997-03-27,Between 1997-03-27 and 1998-03-13,15,0,50,4,237,0,0.0,,,
0000064907,supplemental monetary transfer system,mercantile bancorporation inc,1996-03-08,1996-03-08,Between 1996-03-08 and 1997-02-20,116,0,217,4,2,0,0.0,,,
0000064670,medtronic ip holding international luxembourg sarl,medtronic inc,2010-06-29,1994-07-27,Between 2010-06-29 and 2011-06-28,20,1,595,20,2,0,0.0,,,
0000886982,jupiter investment co ltd,goldman sachs group inc,2006-02-07,1998-08-24,Between 2006-02-07 and 2007-02-06,29,0,410,28,51,0,0.0,,,
0001159297,meadwestvaco virginia corporation,meadwestvaco corp,2005-03-16,2002-03-18,Between 2005-03-16 and 2006-03-02,2,0,56,11,4,0,0.0,,,
0000215466,san francisco exploraciones sa de cv,coeur mining inc,2019-02-20,1996-02-29,Between 2019-02-20 and 2020-02-19,7,0,106,23,350,0,0.0,,,
0000895930,jupiter medical specialists llc,amsurg corp,2015-02-27,1997-03-11,Between 2015-02-27 and 2016-02-25,120,1,742,27,51,0,0.0,,,
0000033213,canada limited,equitable resources inc pa,1994-03-24,1994-03-24,Between 1994-03-24 and 1995-03-22,20,1,233,30,192,0,0.0,,,
0000076267,nelco international corporation,park electrochemical corp,1998-05-29,1998-05-29,Between 1998-05-29 and 1999-05-27,21,0,48,11,5,0,0.0,,,
0001237941,motor wheel corporation of canada ltd,hayes lemmerz international inc,2003-07-31,2003-07-31,Between 2003-07-31 and 2004-04-12,78,1,120,8,37,0,0.0,,,
0001957489,able view cosmetic limited,able view global inc,2023-05-31,2023-05-31,Between 2023-05-31 and 2024-04-30,18,0,21,2,43,0,0.0,,,
0001599947,sune hh frank lindsey llc,terraform power inc,2016-12-05,2014-06-13,Between 2016-12-05 and 2017-07-21,160,0,793,10,5,0,0.0,,,
0001023966,senseit corp,isonics corp,2007-07-30,1996-11-08,Active as of 2007-07-30,3,0,13,4,1,0,0.0,,,
0000912593,sun siesta bay vacant llc,sun communities inc,2018-02-22,1997-03-31,Between 2018-02-22 and 2019-02-21,20,0,1371,25,216,0,0.0,,,
0000835541,solectron telecommunications pty limited,solectron corp,2000-11-13,1996-11-12,Between 2000-11-13 and 2001-11-15,42,0,341,12,2,0,0.0,,,
0001022329,impsat chile sa,impsat fiber networks inc,2007-04-09,2007-04-09,Between 2007-04-09 and 2010-06-18,11,1,100,2,7,0,0.0,,,
0000890564,oxford global resources inc,on assignment inc,2007-03-16,1998-03-31,Between 2007-03-16 and 2013-03-18,6,0,24,12,73,0,0.0,,,
0000916457,calpine energy holdings limited,calpine corp,2004-03-25,1996-06-19,Between 2004-03-25 and 2005-03-31,132,0,890,21,4,0,0.0,,,
0001134765,vita cube systems inc,true drinks holdings inc,2007-03-30,2004-03-30,Between 2007-03-30 and 2008-03-28,1,0,12,7,20,0,0.0,,,
0000319687,united ground express inc,continental airlines inc de,2016-02-18,1997-02-24,Between 2016-02-18 and 2017-02-23,2,1,104,20,656,0,0.0,,,
0001006837,lcr paraguay,primus telecommunications group inc,2000-03-30,1997-06-27,Between 2000-03-30 and 2001-04-02,38,0,410,31,6,0,0.0,,,
0001378950,automd inc,us auto parts network inc,2011-03-17,2006-11-02,Between 2011-03-17 and 2021-03-16,10,0,15,4,1,0,0.0,,,
0001023313,forrester hong kong limited,forrester research inc,2017-03-10,1998-03-30,Between 2017-03-10 and 2019-03-08,1,0,42,19,3,0,0.0,,,
0000070318,north fulton imaging ventures inc,tenet healthcare corp,1995-08-25,1994-08-26,Between 1995-08-25 and 1996-08-26,157,0,2129,28,721,0,0.0,,,
0000008947,2027777 de,azz inc,2009-05-12,1996-05-23,Between 2009-05-12 and 2011-05-12,15,0,172,15,1,0,0.0,,,
0001384256,uptown village tarragon b llc,tarragon homes corp,2007-05-03,2007-05-03,Active as of 2007-05-03,144,1,144,1,22,0,0.0,,,
0001896049,alpha merger sub ii company,alpha capital holdco co,2022-02-07,2022-02-07,Between 2022-02-07 and 2022-08-24,9,0,11,2,174,0,0.0,,,
0000093556,ea patten co llc,stanley works,2021-02-18,1994-03-31,Between 2021-02-18 and 2022-02-22,38,0,1242,31,22,0,0.0,,,
0000070793,balance bar company,nbty inc,2015-11-17,2002-12-20,Active as of 2015-11-17,5,1,77,9,14,0,0.0,,,
0001670538,msni (hk) limited,mon space net inc,2017-11-13,2017-04-20,Active as of 2017-11-13,1,0,2,2,1,0,0.0,,,
0000858339,hlv land co llc,caesars entertainment corp,2011-04-01,1994-03-28,Between 2011-04-01 and 2011-11-15,9,0,928,42,3,0,0.0,,,
0001537660,spectrum brands slovakia spol s ro,armored autogroup inc,2015-12-23,2012-04-13,Between 2015-12-23 and 2016-12-22,25,1,203,8,116,0,0.0,,,
0000916076,martin marietta magnesia specialties inc,martin marietta materials inc,1998-03-30,1997-03-25,Between 1998-03-30 and 1999-02-04,13,0,192,23,62,0,0.0,,,
0000350920,medifac inc,mediq inc,1995-01-10,1995-01-10,Between 1995-01-10 and 1996-01-12,25,0,29,3,1,0,0.0,,,
0001060009,kindred systems inc,kindred healthcare inc,2002-03-01,1998-06-29,Between 2002-03-01 and 2003-03-31,26,1,717,22,11,0,0.0,,,
0000064978,merck sharp & dohme ireland (human health) ltd,merck & co inc,2004-03-10,1994-03-23,Between 2004-03-10 and 2005-03-11,26,1,677,16,5,0,0.0,,,
0000895421,morgan stanley ursa sa rl,morgan stanley dean witter & co,2012-02-27,1997-03-31,Between 2012-02-27 and 2013-02-26,191,0,2789,25,53,0,0.0,,,
0001085770,3537528 canada limited,homestore inc,2003-03-26,2001-04-02,Between 2003-03-26 and 2004-03-15,46,0,89,8,1,0,0.0,,,
0000931182,crsi spv 20471 inc,erp operating ltd partnership,2009-02-26,1997-03-24,Between 2009-02-26 and 2010-02-25,828,1,1754,24,4,0,0.0,,,
0000750004,nyx digital gaming (malta) (malta),scientific games corp,2019-02-28,1996-01-29,Between 2019-02-28 and 2020-02-18,60,0,553,31,2,0,0.0,,,
0001318220,american disposal commercial services inc,waste connections inc,2019-02-14,2010-01-19,Between 2019-02-14 and 2021-02-18,41,0,606,9,1228,0,0.0,,,
0001704715,republic energy llc,alpha metallurgical resources inc,2022-03-07,2017-05-08,Between 2022-03-07 and 2024-02-26,119,0,139,3,87,0,0.0,,,
0001011064,sunrise west orange nj senior living llc,sunrise assisted living inc,2008-07-31,1996-05-28,Between 2008-07-31 and 2009-03-02,19,0,465,17,119,0,0.0,,,
0001622536,dartmouth power holding company llc,talen energy corp,2015-03-18,2015-03-18,Between 2015-03-18 and 2015-09-18,104,1,175,4,13,0,0.0,,,
0000007974,avco australia pty ltd (dual incorporation),associates first capital corp,1999-02-24,1996-02-09,Between 1999-02-24 and 2000-03-30,168,0,355,5,4,0,0.0,,,
0001803599,concentrix services (uruguay) sa,concentrix corp,2020-10-13,2020-10-13,Between 2020-10-13 and 2021-02-16,170,1,272,6,2,0,0.0,,,
0001006028,etih2o corporation,innovative medical services,2001-10-29,2001-08-13,Between 2001-10-29 and 2002-10-29,2,0,10,4,1,0,0.0,,,
0000096903,uti purchase company,tele communications inc,1996-03-27,1994-03-28,Between 1996-03-27 and 1996-11-15,130,1,1061,6,17,0,0.0,,,
0000354190,gallagher re bermuda limited,arthur j gallagher & co,2023-02-10,1995-03-14,Between 2023-02-10 and 2024-02-09,183,0,1078,29,3,0,0.0,,,
0000915140,turtle creek partnership,cbl & associates limited partnership,2014-03-03,2014-03-03,Between 2014-03-03 and 2015-03-02,464,1,538,8,21,0,0.0,,,
0000107832,and electric company,wisconsin power & light co,1996-04-01,1994-02-28,Between 1996-04-01 and 1997-03-19,2,0,38,14,93,0,0.0,,,
0000099189,bankers mortgage company of california,transamerica corp,1994-03-25,1994-03-25,Between 1994-03-25 and 1995-03-28,127,0,313,6,36,0,0.0,,,
0001792044,mylan pharmaceuticals pte ltd,viatris inc,2021-03-01,2020-01-21,Between 2021-03-01 and 2022-02-28,234,1,332,6,3,0,0.0,,,
0000740260,vtr oroville assisted living lp,ventas inc,2015-02-13,1996-03-29,Between 2015-02-13 and 2016-02-12,312,0,3485,28,9,0,0.0,,,
0000922471,budget group capital trust,budget group inc,1999-03-31,1996-05-24,Between 1999-03-31 and 2000-03-30,51,0,188,9,23,0,0.0,,,
0000927122,select specialty hospital northeast ohio inc,professional sports care management inc,2013-08-14,2013-08-14,Between 2013-08-14 and 2014-05-30,239,1,242,2,74,0,0.0,,,
0000851968,marazzi manhattan llc,mohawk industries inc,2014-02-28,2004-03-03,Between 2014-02-28 and 2015-02-27,90,0,506,20,1,0,0.0,,,
0001051512,bmg group llc,telephone & data systems inc de,2002-03-27,1999-03-31,Between 2002-03-27 and 2003-03-20,28,1,616,23,10,0,0.0,,,
0000834408,delta plus holdings inc,brooke corp,2007-06-13,2002-10-25,Active as of 2007-06-13,8,0,43,6,208,0,0.0,,,
0000914724,ad aquiportst charles lp,amli residential properties trust,2004-03-10,1996-11-22,Between 2004-03-10 and 2005-03-11,47,0,231,12,44,0,0.0,,,
0001534701,dcp midstream operating lp,phillips 66,2022-11-09,2013-02-22,Between 2022-11-09 and 2023-02-22,54,1,274,13,10,0,0.0,,,
0001488139,kp aliso creek mob solar llc,ameresco inc,2021-03-02,2010-05-28,Between 2021-03-02 and 2022-03-01,158,0,766,14,18,0,0.0,,,
0000900708,bell microproducts europe inc,bell microproducts inc,2001-03-23,2001-03-23,Between 2001-03-23 and 2003-03-31,18,0,71,7,70,0,0.0,,,
0000044420,guardsman uk limited,guardsman products inc,1996-03-28,1996-03-28,Active as of 1996-03-28,7,1,7,1,3,0,0.0,,,
0000083612,feb 09,rjr nabisco inc,1994-02-24,1994-02-24,Between 1994-02-24 and 1995-02-23,148,1,326,12,5,0,0.0,,,
0001276187,centurion pipeline lp i llc,energy transfer equity lp,2024-02-16,2005-12-20,Between 2024-02-16 and 2025-02-14,84,0,854,20,20,0,0.0,,,
0000924901,cali airport realty associates lp,mack cali realty corp,2000-02-24,2000-02-24,Between 2000-02-24 and 2001-02-22,173,1,734,24,3,0,0.0,,,
0000037076,6 firstar investment research & management company,firstar corp wi,1997-03-14,1994-03-18,Between 1997-03-14 and 1998-03-13,20,0,204,6,3,0,0.0,,,
0000004904,arkansas coalition for affordable & reliable electricity llc,american electric power company inc,2012-02-28,1996-03-28,Between 2012-02-28 and 2013-02-26,3,1,181,21,83,0,0.0,,,
0001042046,worldwide casualty insurance company,american financial group inc,2004-03-12,1998-03-27,Between 2004-03-12 and 2006-03-07,5,0,125,21,117,0,0.0,,,
0000319459,cross bell royalty company,bellwether exploration co,1995-09-22,1995-09-22,Between 1995-09-22 and 1997-09-29,12,0,29,7,75,0,0.0,,,
0000912898,surprise peripheral venture llc,glimcher realty trust,2009-02-24,1997-03-25,Between 2009-02-24 and 2010-03-11,4,0,175,16,3,0,0.0,,,
0000765880,new healthpeak inc,healthpeak properties inc,2023-02-08,1996-02-06,Between 2023-02-08 and 2024-02-09,69,0,1957,25,1170,0,0.0,,,
0001327567,lightcyber bv,palo alto networks inc,2017-09-07,2012-04-06,Between 2017-09-07 and 2018-09-13,5,0,127,14,1,0,0.0,,,
0001776197,mt baker petct llc,akumin inc,2022-03-16,2022-03-16,Between 2022-03-16 and 2023-03-16,118,0,124,2,143,0,0.0,,,
0001288351,brindlee holdings llc,blountsville telephone co inc,2004-05-10,2004-05-10,Between 2004-05-10 and 2007-05-03,11,1,15,2,2,0,0.0,,,
0001868159,lineage pa allentown re holding llc,lineage inc,2024-05-06,2024-05-06,Active as of 2024-05-06,172,0,172,1,6,0,0.0,,,
0000009389,envases universales ball de panama sa jv,ball corp,2019-02-22,1994-01-27,Between 2019-02-22 and 2020-02-19,7,0,652,33,12,0,0.0,,,
0000103730,vishay measurement group gmbh,vishay intertechnology inc,2010-02-26,1997-03-27,Between 2010-02-26 and 2011-02-25,13,1,457,27,3,0,0.0,,,
0000070858,signio inc,bank of america corp de,2000-03-20,1994-03-30,Between 2000-03-20 and 2001-03-19,244,1,4603,28,2,0,0.0,,,
0000731502,foundry networks llc,mcdata corp,2010-06-18,2000-05-31,Active as of 2010-06-18,7,1,35,8,18,0,0.0,,,
0001713952,313 aviation llc,vivint smart home inc,2020-03-18,2020-03-18,Between 2020-03-18 and 2023-02-24,23,1,27,2,6,0,0.0,,,
0000031235,kodak (china) graphic communications company ltd china,eastman kodak co,2009-02-27,2003-09-03,Between 2009-02-27 and 2010-02-22,14,0,204,18,1,0,0.0,,,
0001085475,cc vii leasing llc,charter communications holdings capital corp,2003-04-15,2000-01-25,Between 2003-04-15 and 2004-03-25,130,1,212,7,117,0,0.0,,,
0001783180,tianjin yuanchang reefer container service co ltd,carrier global corp,2022-02-08,2021-02-09,Between 2022-02-08 and 2023-02-07,431,0,508,4,125,0,0.0,,,
0000726728,sdi (preston) limited,realty income corp,2023-02-22,1996-03-21,Between 2023-02-22 and 2024-02-21,82,0,1143,19,19,0,0.0,,,
0001295735,sealy argentina srl,sealy mattress corp,2006-02-27,2006-02-27,Active as of 2006-02-27,11,1,11,1,7,0,0.0,,,
0000315293,bain hogg investments (australia) pty ltd,aon plc,2000-03-24,1996-02-12,Between 2000-03-24 and 2001-03-27,255,0,5214,30,9,0,0.0,,,
0000036090,bay operating company inc,banc one corp oh,1996-03-28,1996-03-28,Between 1996-03-28 and 1997-03-20,199,0,304,3,198,0,0.0,,,
0001016470,shenzhen representative office of srs labs inc,srs labs inc,2009-02-24,1997-02-12,Between 2009-02-24 and 2010-02-23,1,0,29,8,237,0,0.0,,,
0001075415,snh park place tenant ii llc,senior housing properties trust,2018-02-27,2000-03-30,Between 2018-02-27 and 2020-03-02,17,0,325,20,15,0,0.0,,,
0000033619,auxitrol industries,esterline technologies corp,1998-01-29,1994-01-31,Between 1998-01-29 and 1999-01-15,3,0,94,25,2,0,0.0,,,
0001066247,the marketplace at briargate llc,regency centers lp,2004-03-15,1998-08-07,Between 2004-03-15 and 2005-03-16,63,1,998,24,19,0,0.0,,,
0000850693,allergan spã³åka z ograniczonä odpowiedzialnoåciä,allergan inc,2011-03-01,1995-03-23,Between 2011-03-01 and 2012-02-28,6,0,201,21,9,0,0.0,,,
0000899689,cesc 2101 l street llc,vornado realty trust,2004-03-03,1995-03-23,Between 2004-03-03 and 2005-02-25,43,1,1888,29,4,0,0.0,,,
0000096638,advanta partners 101 lp,advanta corp,2004-03-11,1994-03-30,Between 2004-03-11 and 2007-02-28,1,0,101,14,1,0,0.0,,,
0001063632,lifepoint billing services llc,brim hospitals inc,2011-05-06,2011-05-06,Between 2011-05-06 and 2014-07-11,106,1,180,2,10,0,0.0,,,
0001858681,apollo hvf co investors (dc d) lp,apollo global management inc,2021-09-29,2021-09-29,Between 2021-09-29 and 2023-03-01,1111,1,1478,4,60,0,0.0,,,
0001164727,newmont suriname llc,newmont corp de,2017-02-21,2002-03-27,Between 2017-02-21 and 2018-02-22,3,1,680,23,3,0,0.0,,,
0000740260,little avenue propco lp,ventas inc,2018-02-09,1996-03-29,Between 2018-02-09 and 2019-02-08,333,0,3485,28,99,0,0.0,,,
0000888165,gtis europe (uk) limited,data broadcasting corporation,2002-03-25,1996-09-27,Between 2002-03-25 and 2003-03-31,23,0,160,15,2,0,0.0,,,
0000766704,cumberland associates of rhode island lp,welltower inc,2012-02-17,1995-02-14,Between 2012-02-17 and 2013-02-26,310,1,3930,30,71,0,0.0,,,
0000797096,august 4,penn laurel financial corp,1999-04-02,1999-04-02,Active as of 1999-04-02,3,0,3,1,32,0,0.0,,,
0001175215,alltel communications wireless inc,cellco partnership,2009-07-06,2003-03-27,Between 2009-07-06 and 2009-10-13,192,1,416,7,10,0,0.0,,,
0000023082,progres servizi srl,computer sciences corp,2001-06-21,1995-06-28,Between 2001-06-21 and 2002-06-14,66,0,834,24,5,0,0.0,,,
0000801128,corporation; bha group ltd,bha group inc,1997-12-29,1995-12-29,Between 1997-12-29 and 1998-12-29,9,0,32,6,6,0,0.0,,,
0001040971,green 461 fifth lessee llc,sl green realty corp,2004-03-15,1997-06-16,Between 2004-03-15 and 2005-03-15,30,1,476,28,314,0,0.0,,,
0001173431,tenbagger inc,ameritrade holding corp,2002-12-13,2002-05-17,Between 2002-12-13 and 2003-11-07,36,1,93,17,2,0,0.0,,,
0000898293,jabil llc,jabil circuit inc,2007-10-25,1997-10-16,Between 2007-10-25 and 2008-10-29,22,0,404,27,1,0,0.0,,,
0000917491,faro scanning ag,faro technologies inc,2006-06-29,1997-08-06,Between 2006-06-29 and 2008-03-10,6,0,74,16,2,0,0.0,,,
0000758004,juston inc,novell inc,2001-01-26,1995-01-25,Between 2001-01-26 and 2002-01-28,7,0,219,14,1,0,0.0,,,
0000100790,union carbide subsidiary z inc,union carbide corp new,1999-03-25,1995-03-10,Active as of 1999-03-25,5,1,96,5,207,0,0.0,,,
0001105055,nngc holding company inc,dynegy holdings inc,2003-04-16,2000-02-02,Between 2003-04-16 and 2006-06-21,4,0,28,8,10,0,0.0,,,
0000032604,novel environmental technologies ltd,emerson electric co,2015-11-18,1994-12-22,Between 2015-11-18 and 2016-11-16,51,0,2724,30,9,0,0.0,,,
0001411574,joliet surgery center partnership,asc acquisition llc,2013-10-16,2013-10-16,Between 2013-10-16 and 2014-03-24,336,1,521,5,17,0,0.0,,,
0000874761,antonito solar llc,aes corporation,2022-02-28,1997-03-31,Between 2022-02-28 and 2022-11-04,435,0,4579,30,1,0,0.0,,,
0000831001,citigroup global markets hong kong holdings limited,citigroup inc,2006-02-24,1994-03-31,Between 2006-02-24 and 2007-02-23,258,0,5172,32,3,0,0.0,,,
0001390213,raco (az) llc,corporate property associates 17 global inc,2015-03-31,2007-06-22,Between 2015-03-31 and 2016-03-15,18,1,309,19,5,0,0.0,,,
0001060391,act property acquistion partners iv llc,republic services inc,2024-05-01,1998-06-29,Between 2024-05-01 and 2025-02-14,29,0,1471,30,31,0,0.0,,,
0001013698,igf insurance company,symons international group inc,2000-04-14,1996-07-30,Active as of 2000-04-14,9,0,10,2,2,0,0.0,,,
0000880266,de lage landen participacoes ltda,agco corp de,2020-02-28,1997-03-28,Between 2020-02-28 and 2021-03-01,5,0,397,28,1,0,0.0,,,
0000874761,kmr power international ltd,aes corporation,2002-03-25,1997-03-31,Between 2002-03-25 and 2003-03-26,512,0,4579,30,2,0,0.0,,,
0000022301,global spectrum inc,comcast corp,2000-03-01,1995-02-28,Between 2000-03-01 and 2001-03-02,134,1,637,8,632,0,0.0,,,
0000822416,del webbs spruce creek communities inc owns 100% of the capital stock of spruce creek south utilit,pulte homes incmi,2002-03-08,1998-03-13,Between 2002-03-08 and 2003-03-11,42,0,551,22,2,0,0.0,,,
0001138301,the name plum (de) qrs 15 67 inc,corporate property associates 15 inc,2004-03-15,2002-11-21,Between 2004-03-15 and 2004-06-04,55,0,369,15,102,0,0.0,,,
0001037976,management bv,jones lang lasalle inc,2000-03-30,1997-07-11,Between 2000-03-30 and 2000-10-17,154,1,1690,29,179,0,0.0,,,
0000926660,aimco foxchase gp llc,aimco properties lp,2011-02-25,1998-06-22,Between 2011-02-25 and 2012-02-23,31,1,4873,24,7,0,0.0,,,
0000065873,alltel mobile communications of arkansas inc,alltel corp,1994-02-18,1994-02-18,Between 1994-02-18 and 1995-02-21,87,0,519,16,10,0,0.0,,,
0000926660,braesview partnership (texas),aimco properties lp,1998-06-22,1998-06-22,Between 1998-06-22 and 1998-09-04,736,0,4873,24,3,0,0.0,,,
0001061506,omni pac uk limited,graham packaging company lp,2012-06-21,1998-07-13,Between 2012-06-21 and 2012-12-21,201,1,279,6,79,0,0.0,,,
0001556748,harbour pacific underwriting management pty ltd,aon corp,2013-03-29,2013-03-29,Active as of 2013-03-29,773,1,773,1,26,0,0.0,,,
0001140536,willis corroon nominees limited,willis group holdings ltd,2001-05-15,2001-05-15,Between 2001-05-15 and 2001-10-30,284,1,1472,26,11,0,0.0,,,
0001662972,ah housing fund 1344 lp and 1 subsidiary,blackstone real estate income trust inc,2023-05-16,2016-08-10,Between 2023-05-16 and 2024-03-28,745,0,1778,18,47,0,0.0,,,
0001040765,cesc 2101 l street llc,vornado realty lp,2004-03-15,1997-06-12,Between 2004-03-15 and 2005-03-09,43,1,1806,26,4,0,0.0,,,
0000025598,fourteenth street funding llc,american general finance corp,2013-03-19,2005-04-08,Between 2013-03-19 and 2013-10-30,9,1,170,11,6,0,0.0,,,
0000107263,williams sodium products company,williams companies inc,1997-03-26,1994-03-29,Between 1997-03-26 and 1998-03-30,47,0,955,30,81,0,0.0,,,
0000912752,sports holdings llc,sinclair broadcast group inc,2020-03-02,1996-09-18,Between 2020-03-02 and 2021-03-01,38,0,443,26,78,0,0.0,,,
0000799231,pricare aco llc,almost family inc,2016-03-02,2008-03-12,Between 2016-03-02 and 2017-03-14,52,0,236,11,1,0,0.0,,,
0000916310,croise laroch,protection one alarm monitoring inc,1999-04-14,1996-12-30,Between 1999-04-14 and 2000-03-29,25,1,48,7,2,0,0.0,,,
0000032604,emerson process management (shanghai) international trading co ltd,emerson electric co,2003-11-14,1994-12-22,Between 2003-11-14 and 2004-11-18,60,0,2724,30,18,0,0.0,,,
0000100893,ambank illinois na,union planters corp,1999-03-23,1994-03-28,Between 1999-03-23 and 2000-03-23,60,0,452,11,1,0,0.0,,,
0001307954,huntsman holland bv,huntsman corp,2005-02-08,2005-01-06,Between 2005-02-08 and 2005-03-15,156,1,521,21,13,0,0.0,,,
0001056087,wingate paper company,mcclatchy co,2013-03-06,1998-03-30,Between 2013-03-06 and 2015-03-13,61,0,72,5,16,0,0.0,,,
0001021860,r&m energy systems australia pty ltd,national oilwell varco inc,2014-02-14,1996-08-29,Between 2014-02-14 and 2015-02-17,96,1,1020,26,302,0,0.0,,,
0001309402,green plains grain merger sub inc,green plains renewable energy inc,2008-02-13,2006-02-27,Between 2008-02-13 and 2008-06-24,3,0,61,15,314,0,0.0,,,
0001563922,north palm springs investments llc,greenbacker renewable energy co llc,2018-03-08,2013-07-11,Between 2018-03-08 and 2019-03-11,46,0,492,11,721,0,0.0,,,
0000108516,steel cylinder manufacturing inc,worthington industries inc,1997-08-28,1994-08-29,Between 1997-08-28 and 1998-08-28,13,0,275,29,58,0,0.0,,,
0001109357,river bend i llc,exelon corp,2012-02-09,2002-04-01,Between 2012-02-09 and 2013-02-22,19,1,783,21,204,0,0.0,,,
0000817383,heritage timbercreek landings lp,asr investments corp,1997-06-26,1994-03-31,Active as of 1997-06-26,28,1,35,2,171,0,0.0,,,
0000908255,borgwarner apac financial services fka delphi powertrain apac financial services ltd,borgwarner inc,2023-02-09,1997-03-21,Between 2023-02-09 and 2024-02-08,89,0,509,21,2,0,0.0,,,
0000037637,path 15 funding kbt llc,duke energy florida llc,2016-02-25,1996-03-20,Between 2016-02-25 and 2017-02-24,60,1,615,17,17,0,0.0,,,
0001308208,uts finance inc,universal logistics holdings inc,2004-11-15,2004-11-15,Between 2004-11-15 and 2006-03-20,16,0,99,15,12,0,0.0,,,
0000003449,alexander & alexander benefits services (arizona) inc (arizona) 10000 100,alexander & alexander services inc,1996-03-29,1994-03-31,Active as of 1996-03-29,292,0,602,2,44,0,0.0,,,
0001587246,cypress energy partners mork swd llc,cypress energy partners lp,2015-03-30,2013-12-23,Between 2015-03-30 and 2016-03-23,2,0,36,6,99,0,0.0,,,
0001674910,valvoline (zhangjiagang) lubricants co ltd,valvoline inc,2018-11-21,2016-09-12,Between 2018-11-21 and 2020-11-24,3,0,73,9,5,0,0.0,,,
0000827052,05 brooklyn navy yard cogeneration partners lp (delaware partnership) 50% [see 4eme05],edison international,2003-03-31,1994-03-21,Between 2003-03-31 and 2004-03-15,35,0,1286,14,4,0,0.0,,,
0001074771,214 surgicenter of johnson county ltd,triad hospitals inc,2002-03-29,1999-04-27,Between 2002-03-29 and 2003-03-27,266,0,495,7,5,0,0.0,,,
0001299325,brightstar de mexico sa de cv,brightstar corp,2004-08-09,2004-08-09,Between 2004-08-09 and 2004-09-20,15,0,19,2,5,0,0.0,,,
0000066740,3m poland spolka z ograniczona odpowiedzialnoscia,minnesota mining & manufacturing co,2017-02-09,1995-03-06,Between 2017-02-09 and 2018-02-08,24,0,266,29,2,0,0.0,,,
0001039690,isla morada llc,encompass services corp,2001-03-26,1997-08-21,Between 2001-03-26 and 2002-03-14,30,0,339,12,9,0,0.0,,,
0001022079,nichols institute diagnostics trading ag,quest diagnostics inc,2003-01-21,1996-11-19,Between 2003-01-21 and 2003-02-28,11,1,340,32,28,0,0.0,,,
0000313616,40 sonix technologies sdvbhd,danaher corp de,2000-03-21,1997-03-28,Between 2000-03-21 and 2001-03-29,176,0,2082,27,42,0,0.0,,,
0001007330,prg schultz japan inc,profit recovery group international inc,2003-03-17,1997-03-27,Between 2003-03-17 and 2004-03-05,38,0,207,18,6,0,0.0,,,
0001548086,laguna cooperatief ua,qgog constellation sa,2013-01-07,2013-01-07,Active as of 2013-01-07,44,0,44,1,24,0,0.0,,,
0001017616,environmental technology services inc,one world holdings inc,1998-03-31,1998-03-31,Between 1998-03-31 and 1999-03-19,7,0,16,7,112,0,0.0,,,
0001166691,sarcophagus films limited,comcast corp,2023-02-03,2003-03-20,Between 2023-02-03 and 2024-01-31,688,0,3605,24,1,0,0.0,,,
0001037016,centennial cayman corp,nextel international inc,2001-02-22,1997-08-07,Between 2001-02-22 and 2002-03-29,20,1,237,21,60,0,0.0,,,
0001156039,caremore health plan of texas inc,wellpoint inc,2012-02-22,2001-10-01,Between 2012-02-22 and 2013-02-22,15,0,611,23,1,0,0.0,,,
0001002017,raytel granada hills inc,raytel medical corp,1997-12-29,1996-12-30,Between 1997-12-29 and 2000-12-29,18,0,38,3,2,0,0.0,,,
0001802156,pb 1035 llc,xponential fitness inc,2020-02-13,2020-02-13,Between 2020-02-13 and 2020-09-04,21,0,43,4,39,0,0.0,,,
0000315293,aon solutions japan ltd,aon plc,2022-02-18,1996-02-12,Between 2022-02-18 and 2023-02-17,151,0,5214,30,5,0,0.0,,,
0000820235,imageware france sa,structural dynamics research corp oh,1999-03-31,1995-03-28,Between 1999-03-31 and 2001-03-29,8,0,33,5,3,0,0.0,,,
0001260221,calspan jets llc,transdigm group inc,2024-11-07,2005-12-20,Active as of 2024-11-07,20,0,364,25,1,0,0.0,,,
0001100270,montana mills bread co of east aurora inc,krispy kreme doughnuts inc,2004-04-16,1999-12-16,Between 2004-04-16 and 2006-04-28,35,1,76,13,59,0,0.0,,,
0000791519,distribel bv,staples inc,2009-03-11,1996-04-11,Between 2009-03-11 and 2010-03-02,139,0,468,22,1,0,0.0,,,
0001008848,biotie therapies corp,acorda therapeutics inc,2017-02-27,2011-03-01,Between 2017-02-27 and 2018-03-01,5,0,13,7,2,0,0.0,,,
0001164246,g reit pacific place gp llc,g reit inc,2008-03-24,2007-03-20,Active as of 2008-03-24,14,0,30,2,17,0,0.0,,,
0001737706,sfl linus ltd,seadrill ltd,2018-07-18,2018-07-18,Between 2018-07-18 and 2023-02-27,238,0,262,2,2,0,0.0,,,
0000001800,alere toxicology inc,abbott laboratories,2018-02-16,1994-03-03,Between 2018-02-16 and 2019-02-22,215,1,1522,31,3,0,0.0,,,
0001012569,bbp construction management llc,energy transfer partners lp,2016-02-29,1996-06-04,Between 2016-02-29 and 2017-02-24,74,1,412,19,4,0,0.0,,,
0000933590,cbin insurance inc,your community bankshares inc,2016-03-15,2004-03-30,Active as of 2016-03-15,1,1,21,7,2,0,0.0,,,
0000851108,l 3 canada acquisition inc,kdi precision products inc,2005-11-23,2002-09-18,Active as of 2005-11-23,80,1,111,3,192,0,0.0,,,
0001295947,prestige household brands inc,prestige brands holdings inc,2004-07-28,2004-07-28,Between 2004-07-28 and 2006-06-14,12,1,57,12,44,0,0.0,,,
0001029893,netherlands) bv,radnor holdings corp,2003-05-09,1997-01-09,Between 2003-05-09 and 2005-03-31,5,1,36,7,47,0,0.0,,,
0001403528,oaktree opportunities fund ix aif (cayman) lp,oaktree capital group llc,2014-02-28,2011-08-01,Between 2014-02-28 and 2015-02-27,49,0,1041,14,14,0,0.0,,,
0001327012,ebc kansas city inc,coconut palm acquisition corp,2007-03-15,2007-03-15,Active as of 2007-03-15,50,0,50,1,6,0,0.0,,,
0001327978,trt 1345 philomena street gp llc,dividend capital total realty trust inc,2011-08-03,2005-05-27,Between 2011-08-03 and 2011-11-23,128,0,658,36,7,0,0.0,,,
0000858877,broadsoft mexico sa de cv,cisco systems inc,2018-09-06,1995-10-26,Between 2018-09-06 and 2019-09-05,52,1,930,30,2,0,0.0,,,
0001562528,rft 2015 fl1 seller llc,arc realty finance trust inc,2015-10-08,2013-02-12,Between 2015-10-08 and 2016-03-11,10,0,148,13,3,0,0.0,,,
0001420800,roscoe property llc,enovis corp,2008-03-11,2008-03-11,Between 2008-03-11 and 2010-02-25,50,0,651,16,4,0,0.0,,,
0000785161,progressive rga llc,healthsouth corp,2005-06-27,1995-02-01,Between 2005-06-27 and 2007-03-01,444,0,3256,30,63,0,0.0,,,
0000077551,applied biosystems (canada) limited,applera corp,2000-09-28,1994-09-28,Between 2000-09-28 and 2001-09-26,30,0,211,14,176,0,0.0,,,
0000930157,rentokil initial norge as,rentokil initial plc fi,2022-06-07,2022-06-07,Active as of 2022-06-07,264,0,264,1,1,0,0.0,,,
0001575965,glp midwest properties llc,gaming & leisure properties inc,2014-03-25,2013-09-23,Between 2014-03-25 and 2015-02-27,5,1,25,8,9,0,0.0,,,
0001043121,tst amenities trs llc,boston properties ltd partnership,2024-02-27,2003-03-06,Active as of 2024-02-27,26,0,561,22,7,0,0.0,,,
0000085388,rouse company of new york llc the,rouse company,2005-03-31,1996-03-05,Between 2005-03-31 and 2006-04-18,377,0,933,11,7,0,0.0,,,
0000886346,johnson services wisconsin corp,thermo fibertek inc,2006-03-16,1997-03-14,Between 2006-03-16 and 2007-03-13,37,0,223,26,83,0,0.0,,,
0001018254,udr delancey at shirlington llc,united dominion realty l p,2016-02-23,2011-02-23,Between 2016-02-23 and 2017-02-21,39,1,401,10,2,0,0.0,,,
0000876523,usa pawn & jewelry co xiii llc,ezcorp inc,2013-11-27,2003-12-24,Between 2013-11-27 and 2014-11-26,56,0,182,15,91,0,0.0,,,
0000831001,citi cards canada holding corporation,citigroup inc,2008-02-22,1994-03-31,Between 2008-02-22 and 2009-02-27,708,0,5172,32,10,0,0.0,,,
0000725625,cornerstone gas processing inc,cornerstone natural gas inc,1995-03-15,1995-03-15,Between 1995-03-15 and 1996-02-27,8,0,9,2,80,0,0.0,,,
0000023071,herbert elektronische gerate gmbh & co kg,artesyn technologies inc,1998-03-31,1996-03-22,Between 1998-03-31 and 1999-03-26,18,0,83,11,10,0,0.0,,,
0000039368,kativo comercial sa (panama) 10,fuller h b co,1995-02-27,1995-02-27,Between 1995-02-27 and 1996-02-27,79,0,437,31,1,0,0.0,,,
0000895462,gruppen aktiebolag sweden,cambridge technology partners massachusetts inc,2001-04-02,1997-03-31,Active as of 2001-04-02,10,1,76,5,2,0,0.0,,,
0001433660,john bean technologies gmbh,john bean technologies corp,2008-04-30,2008-04-30,Between 2008-04-30 and 2008-06-05,33,0,157,19,123,0,0.0,,,
0000070318,tenet north carolina inc,tenet healthcare corp,2009-02-24,1994-08-26,Between 2009-02-24 and 2010-02-23,11,0,2129,28,2,0,0.0,,,
0001369817,onebeacon us holdings inc,onebeacon insurance group ltd,2009-02-27,2006-10-20,Between 2009-02-27 and 2010-02-26,6,1,78,10,2,0,0.0,,,
0001183186,professional benefits solutions inc,national financial partners corp,2005-03-16,2003-09-15,Between 2005-03-16 and 2005-08-10,38,1,472,12,202,0,0.0,,,
0000823549,epec east natural gas lp (delaware lp),tenneco inc de,1997-03-14,1994-03-09,Between 1997-03-14 and 1999-03-18,120,1,1421,7,4,0,0.0,,,
0001108109,professional account services inc,community health systems inc,2000-04-19,2000-04-19,Between 2000-04-19 and 2000-10-12,127,1,1808,21,202,0,0.0,,,
0001504414,castlerock security inc,castlerock security holdings inc,2010-11-05,2010-11-05,Active as of 2010-11-05,1,0,1,1,2,0,0.0,,,
0001140536,willis commercial inc,willis group holdings ltd,2010-03-01,2001-05-15,Between 2010-03-01 and 2011-02-28,34,0,1472,26,11,0,0.0,,,
0000895421,morgan stanley fastnet llc,morgan stanley dean witter & co,2003-02-19,1997-03-31,Between 2003-02-19 and 2004-02-25,95,0,2789,25,53,0,0.0,,,
0000726513,tribune digital ventures singapore pte ltd,tribune co,2014-09-22,1994-03-23,Between 2014-09-22 and 2014-11-14,194,1,517,21,14,0,0.0,,,
0000006342,california corporation); sunamerica mortgages inc,anchor national life insurance co,1997-03-11,1995-11-13,Between 1997-03-11 and 1997-04-18,23,0,177,8,297,0,0.0,,,
0000098222,nelson navigation,tidewater inc,1997-05-01,1996-01-16,Between 1997-05-01 and 1998-05-04,31,0,404,28,34,0,0.0,,,
0001282266,earthlink shared services llc,windstream corp,2017-05-08,2005-05-13,Between 2017-05-08 and 2018-02-28,42,1,400,18,5,0,0.0,,,
0000870480,insignia allegiance management inc,insignia financial group inc,1998-03-24,1997-03-26,Active as of 1998-03-24,100,1,101,2,11,0,0.0,,,
0000794367,i magnin inc,federated department stores inc de,1995-04-20,1995-04-20,Between 1995-04-20 and 1996-04-17,111,0,255,24,1,0,0.0,,,
0001581990,advantage pipeline llc,plains gp holdings lp,2023-03-01,2013-07-29,Between 2023-03-01 and 2024-02-29,8,1,114,12,110,0,0.0,,,
0001402436,ss&c solutions singapore pte ltd,ss&c technologies holdings inc,2016-02-29,2007-06-13,Between 2016-02-29 and 2017-02-28,32,0,323,17,29,0,0.0,,,
0000043011,quality food centers inc,grand central inc,1999-08-20,1999-08-20,Active as of 1999-08-20,88,1,88,1,179,0,0.0,,,
0001830210,trophy transport llc,benson hill inc,2021-10-05,2021-10-05,Between 2021-10-05 and 2022-03-28,16,0,18,2,11,0,0.0,,,
0000899652,cinergy global maranhao,cinergy corp,2002-02-28,1996-03-28,Between 2002-02-28 and 2003-02-27,80,1,487,12,12,0,0.0,,,
0000225648,covanta energy (thailand) limited,covanta holding corp,2005-03-16,1996-07-05,Between 2005-03-16 and 2005-12-19,153,1,563,19,4,0,0.0,,,
0001375083,merco group 801 e 7th street llc,meruelo maddux properties inc,2007-04-02,2006-11-03,Between 2007-04-02 and 2008-03-31,50,0,67,5,5,0,0.0,,,
0000352949,scrivner transportation inc (incorporated in oklahoma),fleming companies inc ok,1999-03-12,1994-03-25,Between 1999-03-12 and 2000-03-14,23,0,63,7,1,0,0.0,,,
0001403085,agel enterprises (malaysia) sdn bhd,cvsl inc,2014-03-31,2013-03-29,Between 2014-03-31 and 2015-03-16,28,0,39,4,1,0,0.0,,,
0001633978,jds uniphase inc,lumentum holdings inc,2015-06-24,2015-06-24,Between 2015-06-24 and 2015-09-25,19,1,103,11,8,0,0.0,,,
0001851682,tj sansheng logistics hk limited,missfresh ltd,2021-06-08,2021-06-08,Active as of 2021-06-08,53,0,53,1,30,0,0.0,,,
0001024401,enron engineering services,enron corpor,1998-03-31,1998-03-31,Between 1998-03-31 and 1999-03-31,830,0,3824,4,6,0,0.0,,,
0001329919,international holdings llc a maryland liability,vocus inc,2005-06-15,2005-06-15,Between 2005-06-15 and 2007-03-02,4,0,23,5,922,0,0.0,,,
0001531744,shea homes at montage llc,shea homes limited partnership,2013-03-15,2013-03-15,Between 2013-03-15 and 2014-03-17,35,0,56,3,5,0,0.0,,,
0001286045,gnc funding inc,general nutrition centers inc,2007-08-10,2004-04-15,Between 2007-08-10 and 2011-02-25,3,1,27,4,9,0,0.0,,,
0001737706,seadrill international resourcing dmcc,seadrill ltd,2018-07-18,2018-07-18,Between 2018-07-18 and 2023-02-27,238,0,262,2,2,0,0.0,,,
0001336644,xian golden net travel services,universal travel group,2008-03-31,2008-03-31,Between 2008-03-31 and 2010-03-05,6,0,19,3,53,0,0.0,,,
0000757523,ogden entertainment services (canada) inc,aramark corp,2000-11-22,1994-11-28,Between 2000-11-22 and 2001-11-29,49,1,238,7,16,0,0.0,,,
0001433642,fifth stockholm global private equity lp,hamilton lane inc,2019-05-30,2017-02-01,Between 2019-05-30 and 2020-05-28,78,0,924,10,53,0,0.0,,,
0001355096,ble bv,liberty media corp,2013-02-28,2007-03-01,Between 2013-02-28 and 2014-02-28,14,0,767,17,1,0,0.0,,,
0000912046,the name weeds (ok) qrs 12 22 inc,corporate property associates 12 inc,1999-03-30,1999-03-30,Between 1999-03-30 and 2000-04-12,80,0,208,8,102,0,0.0,,,
0000896622,emson spraytech india private ltd,aptargroup inc,1999-03-30,1997-03-21,Between 1999-03-30 and 2000-03-23,27,0,293,28,1,0,0.0,,,
0000925645,"innova film gmbh (""innova"")",central european media enterprises ltd,2007-03-01,1997-03-24,Between 2007-03-01 and 2008-02-28,27,0,247,20,18,0,0.0,,,
0001593195,carroll county times llc,tribune publishing co,2014-06-13,2014-04-11,Between 2014-06-13 and 2015-03-25,2,0,89,9,22,0,0.0,,,
0001469367,vivint solar fund 30 project company llc,sunrun inc,2021-02-25,2015-06-25,Between 2021-02-25 and 2022-02-17,253,0,396,5,6,0,0.0,,,
0000891024,ausmedic australia ltd,patterson companies inc,2012-06-27,1997-07-25,Between 2012-06-27 and 2013-06-26,2,0,108,22,1,0,0.0,,,
0000922864,steeplechase jv llc,apartment investment & management co,2004-03-11,1997-03-31,Between 2004-03-11 and 2005-03-14,287,1,5014,27,9,0,0.0,,,
0001321559,grand international industrial limited,rx staffing inc,2007-08-15,2007-08-15,Active as of 2007-08-15,3,0,3,1,252,0,0.0,,,
0000072971,equity insurance agency inc,norwest corp,2009-02-27,1994-03-08,Between 2009-02-27 and 2010-02-26,1266,1,3594,28,83,0,0.0,,,
0000931336,fairdale farms inc,dean foods co,1997-08-22,1996-10-01,Between 1997-08-22 and 1998-03-31,7,0,423,23,2,0,0.0,,,
0000886035,general cable capital funding inc,general cable corp de,2003-03-28,1997-03-07,Between 2003-03-28 and 2006-03-15,7,0,229,19,318,0,0.0,,,
0000921825,fr museum road general partner lp,first industrial realty trust inc,2016-02-25,1997-03-31,Between 2016-02-25 and 2017-02-24,129,1,351,25,26,0,0.0,,,
0001043509,sai fl hc9 inc,sonic automotive inc,2022-02-25,1997-08-08,Between 2022-02-25 and 2023-02-17,111,0,704,27,16,0,0.0,,,
0001025378,dcneth member (nl) qrs 15 102 inc,w p carey inc,2013-02-26,1998-03-31,Between 2013-02-26 and 2014-03-03,184,1,1425,27,2,0,0.0,,,
0001687229,ih4 property holdco gp llc,invitation homes inc,2017-03-30,2016-12-23,Between 2017-03-30 and 2017-09-20,166,0,285,10,1,0,0.0,,,
0000074386,exel interim sa,olsten corp,1998-03-03,1996-03-06,Between 1998-03-03 and 1999-04-01,31,0,197,4,3,0,0.0,,,
0000701869,independencecare holdings llc,independence holding co,2001-03-30,1996-04-01,Between 2001-03-30 and 2002-03-26,5,1,124,26,2,0,0.0,,,
0000731766,streamlines health llc,unitedhealth group inc,2018-02-13,1995-03-28,Between 2018-02-13 and 2019-02-12,393,0,4307,34,1,0,0.0,,,
0000884219,viad realty corporation,viad corp,1997-03-27,1996-03-26,Between 1997-03-27 and 1997-10-09,17,0,294,27,2,0,0.0,,,
0001107257,first bank a bank,first shares bancorp inc,2000-03-02,2000-03-02,Between 2000-03-02 and 2001-03-30,1,0,2,2,847,0,0.0,,,
0000736157,home box office asia inc,time warner inc,1996-03-22,1994-03-30,Active as of 1996-03-22,54,0,272,2,251,0,0.0,,,
0000858877,neohapsis inc,cisco systems inc,2015-09-08,1995-10-26,Between 2015-09-08 and 2016-09-08,22,0,930,30,1,0,0.0,,,
0000061986,berisford,manitowoc co inc,2009-03-02,1994-09-30,Between 2009-03-02 and 2010-03-01,146,0,494,25,6,0,0.0,,,
0001188303,mission procurement llc,texas genco holdings inc,2014-09-10,2002-09-13,Between 2014-09-10 and 2014-12-11,374,1,1247,10,117,0,0.0,,,
0001166691,comcast of fresno inc,comcast corp,2003-03-20,2003-03-20,Between 2003-03-20 and 2004-03-12,1101,0,3605,24,6,0,0.0,,,
0001040596,i2 inc,choicepoint inc,2005-03-16,1997-06-30,Between 2005-03-16 and 2006-03-14,20,0,100,11,5,0,0.0,,,
0001701732,altair engineering ltd,altair engineering inc,2017-06-16,2017-06-16,Between 2017-06-16 and 2017-10-06,6,0,46,7,9,0,0.0,,,
0001404912,kkr irish parent sã  rl,kkr & co lp,2018-02-23,2008-10-31,Between 2018-02-23 and 2019-02-15,102,0,1749,17,6,0,0.0,,,
0001198268,open mri and imaging of snellville llc,medquest associates inc,2004-04-28,2002-11-22,Between 2004-04-28 and 2004-05-13,9,1,111,6,83,0,0.0,,,
0000058091,borden uv coatings (shanghai) limited,lawter international inc,2005-12-28,1997-03-25,Between 2005-12-28 and 2006-06-30,66,1,203,8,8,0,0.0,,,
0000842635,lyondell chemical italia srl,lyondell chemical co,2001-03-16,1999-03-26,Between 2001-03-16 and 2002-03-15,17,1,235,11,4,0,0.0,,,
0001258602,1867 nug21 llc,nelnet inc,2021-02-25,2003-09-25,Between 2021-02-25 and 2022-02-28,20,0,485,19,1,0,0.0,,,
0001120236,orion power new york lp,orion power holdings inc,2000-08-18,2000-08-18,Between 2000-08-18 and 2001-03-19,16,1,32,3,85,0,0.0,,,
0000019353,fashion bug plus of graftoninc,charming shoppes inc,1996-05-03,1995-04-24,Between 1996-05-03 and 1997-04-28,424,0,4867,18,35,0,0.0,,,
0001101723,metro surgery center llc,united surgical partners international inc,2015-02-26,2001-02-12,Active as of 2015-02-26,52,1,1133,18,152,0,0.0,,,
0001439437,tango of farmingdale inc,dave & busters holdings inc,2008-07-11,2008-07-11,Active as of 2008-07-11,32,1,32,1,17,0,0.0,,,
0000006769,apache yemen corporation ldc,apache corp,2006-03-14,1994-03-21,Between 2006-03-14 and 2007-03-01,13,0,426,29,24,0,0.0,,,
0001061937,hmc hotel properties ii partnership,host hotels & resorts lp,2004-12-09,1999-03-31,Between 2004-12-09 and 2005-03-02,309,1,692,22,24,0,0.0,,,
0001005011,rengo riverwood packaging limited,graphic packaging international llc,2019-02-13,2019-02-13,Between 2019-02-13 and 2021-02-16,53,1,62,2,3,0,0.0,,,
0001121788,garmin korea ltd,garmin ltd,2018-02-21,2000-09-11,Between 2018-02-21 and 2019-02-20,7,0,123,21,2,0,0.0,,,
0001236736,health resources of cumberland inc,genesis healthcare corp,2003-10-10,2003-10-10,Between 2003-10-10 and 2004-02-04,317,1,455,5,268,0,0.0,,,
0001674168,secure middlecon inc,hilton grand vacations inc,2023-03-01,2016-11-14,Between 2023-03-01 and 2024-02-29,27,1,298,10,69,0,0.0,,,
0001718512,tomkins insurance limited,gates industrial corp plc,2017-12-27,2017-12-27,Between 2017-12-27 and 2018-03-15,124,1,160,8,2,0,0.0,,,
0000874265,gma uniontown inc,genesis health ventures inc pa,1997-12-29,1996-12-30,Between 1997-12-29 and 1998-12-29,243,1,790,8,6,0,0.0,,,
0001487730,varta batterie srl,spectrum brands holdings inc,2010-12-14,2010-12-14,Between 2010-12-14 and 2011-12-08,138,1,284,8,9,0,0.0,,,
0000871763,nurse co de mexico sa de cv,manpowergroup inc,2006-02-28,1997-03-31,Between 2006-02-28 and 2007-02-28,36,0,1301,28,13,0,0.0,,,
0000922864,aimcokettering llc,apartment investment & management co,2001-03-30,1997-03-31,Between 2001-03-30 and 2002-03-20,625,1,5014,27,2,0,0.0,,,
0001308161,sv outdoor llc,news corp,2005-09-01,2005-09-01,Between 2005-09-01 and 2006-08-23,1234,0,2673,13,22,0,0.0,,,
0001476150,terreno 60 ethel llc,terreno realty corp,2014-02-19,2010-03-29,Between 2014-02-19 and 2015-02-11,29,0,246,16,1,0,0.0,,,
0000026780,transmotor ltda,dana corp,1996-03-05,1994-03-14,Between 1996-03-05 and 1997-03-06,88,0,1189,29,1,0,0.0,,,
0001116616,pioglobal first russia inc,harbor global co ltd,2003-03-11,2000-06-26,Between 2003-03-11 and 2004-03-26,2,0,76,7,2,0,0.0,,,
0001043639,freescale semiconducteurs france sas,sigmatel llc,2011-07-01,2005-02-08,Active as of 2011-07-01,15,1,29,5,5,0,0.0,,,
0001160106,lloyds nominees (guernsey) limited,lloyds banking group plc,2014-03-06,2014-03-06,Active as of 2014-03-06,1041,0,1041,1,9,0,0.0,,,
0000771298,fruit of the loom limited,fruit of the loom inc de,2001-04-16,1997-03-26,Active as of 2001-04-16,4,0,123,4,10,0,0.0,,,
0001408100,kennedy wilson property services iii gp llc,prospect acquisition corp,2013-02-14,2009-09-24,Between 2013-02-14 and 2014-03-03,238,1,1308,16,22,0,0.0,,,
0000315293,combined insurance company of europe limited,aon plc,2000-03-24,1996-02-12,Between 2000-03-24 and 2001-03-27,255,1,5214,30,33,0,0.0,,,
0001646972,safeway stores 98 inc,albertsons companies inc,2015-08-26,2015-08-26,Between 2015-08-26 and 2016-05-11,254,1,364,12,14,0,0.0,,,
0000024741,sicover sa (france) 50,corning inc ny,1994-03-18,1994-03-18,Between 1994-03-18 and 1995-03-20,158,0,575,26,1,0,0.0,,,
0001129920,santa lucia bancorp (ca) capital trust,mission community bancorp,2012-03-30,2005-03-31,Between 2012-03-30 and 2013-03-27,1,0,5,4,197,0,0.0,,,
0001932393,ge renewable resources (tianjin) co ltd,ge healthcare technologies inc,2023-02-15,2022-10-11,Between 2023-02-15 and 2024-02-06,204,0,228,4,21,0,0.0,,,
0000025212,courier kendallville inc,courier corp,1995-11-21,1995-11-21,Between 1995-11-21 and 1999-12-09,8,1,25,9,18,0,0.0,,,
0000077476,gemex holdings llc,pepsico inc,2011-02-18,1995-03-28,Between 2011-02-18 and 2012-02-27,224,1,2338,31,3,0,0.0,,,
0001290498,aearo proteccion laboral sa,aearo co i,2004-12-27,2004-12-27,Between 2004-12-27 and 2005-11-22,17,1,20,2,4,0,0.0,,,
0000356028,optinuity inc,ca inc,2009-05-15,1994-05-27,Between 2009-05-15 and 2010-05-14,8,0,358,21,2,0,0.0,,,
0001393818,blackstone real estate associates europe (delaware) vi llc,blackstone inc,2020-02-28,2007-06-04,Between 2020-02-28 and 2021-02-26,138,0,2338,18,20,0,0.0,,,
0000806083,estrella license corporation,telemundo group inc,1996-03-28,1996-03-28,Between 1996-03-28 and 1997-04-01,26,0,31,2,16,0,0.0,,,
0000043287,north riverside holdings inc,great american management & investment inc,1996-03-18,1996-03-18,Active as of 1996-03-18,20,0,20,1,721,0,0.0,,,
0000912562,diamond perforated metals inc,gibraltar industries inc,2006-03-16,1996-05-17,Between 2006-03-16 and 2006-07-20,13,1,109,22,164,0,0.0,,,
0001099963,magnum dor resources inc has one subsidiary sunrise mining corporation,magnum dor resources inc,2006-12-28,2006-12-28,Active as of 2006-12-28,1,0,1,1,31,0,0.0,,,
0001037868,mcg acquisition corporation,ametek inc,2009-02-26,2001-03-15,Between 2009-02-26 and 2010-02-25,27,0,532,24,11,0,0.0,,,
0000855585,ltel acquisition corp,fonix corp,2007-03-29,2000-04-14,Active as of 2007-03-29,9,0,13,2,1,0,0.0,,,
0001366438,"unifi holding 2 bv (""uh2"")",unifi manufacturing virginia llc,2006-10-12,2006-10-12,Active as of 2006-10-12,11,1,11,1,4,0,0.0,,,
0001037540,decoverly two partnership,boston properties inc,2003-02-27,1997-06-13,Between 2003-02-27 and 2005-03-15,132,1,558,22,2,0,0.0,,,
0001045742,247 marketing llc,livedeal inc,2007-12-20,1998-05-06,Between 2007-12-20 and 2011-01-07,4,0,44,12,6,0,0.0,,,
0001100270,gazed investments llc,krispy kreme doughnuts inc,2006-10-31,1999-12-16,Between 2006-10-31 and 2008-04-17,3,0,76,13,1,0,0.0,,,
0000925741,michael marketing corporation,clicknsettle com inc,1996-08-02,1996-08-02,Between 1996-08-02 and 1998-09-28,3,0,13,5,33,0,0.0,,,
0001266806,nano precision medical inc,vivani medical inc,2024-03-26,2014-08-12,Active as of 2024-03-26,2,0,5,4,11,0,0.0,,,
0000904973,transgenics investments inc,genzyme transgenics corp,1996-06-26,1996-06-26,Between 1996-06-26 and 2002-03-22,14,0,28,5,1,0,0.0,,,
0000076063,jamaica private power company (4393%),panhandle eastern pipe line co,2000-03-30,2000-03-30,Between 2000-03-30 and 2001-03-23,319,1,420,3,25,0,0.0,,,
0001411537,news broadcasting japan co ltd,ruby newco llc,2007-10-17,2007-10-17,Between 2007-10-17 and 2008-03-20,1362,1,1427,2,39,0,0.0,,,
0000019353,fashion bug of walnutportinc,charming shoppes inc,1995-04-24,1995-04-24,Between 1995-04-24 and 1996-05-03,2196,0,4867,18,35,0,0.0,,,
0001679049,hendricks tanker company llc,osg international inc,2020-03-03,2016-07-15,Between 2020-03-03 and 2021-03-12,4,0,205,9,2,0,0.0,,,
0000045876,metserv victoria pty ltd,harsco corp,1994-03-29,1994-03-29,Between 1994-03-29 and 1996-03-26,94,0,918,30,1,0,0.0,,,
0001060391,hudson baylor north gateway llc,republic services inc,2018-02-09,1998-06-29,Between 2018-02-09 and 2019-02-08,49,0,1471,30,119,0,0.0,,,
0000875523,little switzerland (st lucia) limited,little switzerland incde,1997-10-08,1997-10-08,Between 1997-10-08 and 1998-01-26,9,0,13,3,99,0,0.0,,,
0000064978,agcachubb health inc,merck & co inc,1995-03-22,1994-03-23,Between 1995-03-22 and 1996-03-20,30,0,677,16,2,0,0.0,,,
0000034088,petroleum shipping ltd,exxon corp,1995-03-10,1994-03-11,Between 1995-03-10 and 1996-03-08,8,0,562,31,44,0,0.0,,,
0000029669,moore wallace north america inc,rr donnelley & sons co,2005-03-14,1994-03-28,Between 2005-03-14 and 2006-03-02,54,1,781,29,36,0,0.0,,,
0000896622,sar dispensing systems ltd,aptargroup inc,1997-03-21,1997-03-21,Between 1997-03-21 and 1998-03-27,55,0,293,28,5,0,0.0,,,
0000831001,citicorp nominees pty limited,citigroup inc,1999-03-08,1994-03-31,Between 2000-03-10 and 2000-06-30,895,0,5172,32,6,0,0.0,,,
0000019617,chemical bank (uk) holdings,j p morgan chase & co,1994-03-25,1994-03-25,Between 1994-03-25 and 1996-03-20,65,0,1422,24,54,0,0.0,,,
0000733590,abode land holdings llc,transcontinental realty investors inc,2020-03-30,2004-03-30,Active as of 2020-03-30,23,0,747,16,2,0,0.0,,,
0000890547,and 2% by revlon (cayman) (cayman islands),revlon consumer products corp,1997-02-26,1997-02-26,Between 1997-02-26 and 1998-03-06,99,1,301,18,51,0,0.0,,,
0000314890,wicor canada company,wicor inc,2000-03-30,1994-03-30,Active as of 2000-03-30,9,1,38,6,3,0,0.0,,,
0001424182,broadstone ec portfolio llc,broadstone net lease inc,2023-02-23,2017-04-24,Between 2023-02-23 and 2024-02-22,29,0,343,9,2,0,0.0,,,
0000106484,trupour ltd,westran corp,2016-08-17,2016-08-17,Active as of 2016-08-17,77,1,77,1,6,0,0.0,,,
0001920453,fidelity private credit tactical 1 llc,fidelity private credit fund,2023-03-22,2023-03-22,Between 2023-03-22 and 2024-03-22,3,0,5,2,76,0,0.0,,,
0000866787,autozone northeast inc fka adap inc,autozone inc,2004-10-27,1996-11-27,Between 2004-10-27 and 2005-10-26,3,0,37,12,2,0,0.0,,,
0001403528,oaktree opportunities xi feeder 2 aiv (luxembourg) scsp,oaktree capital group llc,2022-03-14,2011-08-01,Between 2022-03-14 and 2023-03-21,77,0,1041,14,14,0,0.0,,,
0000910058,detroit diesel motores do brasil ltda,detroit diesel corp,1997-03-27,1997-03-27,Between 1997-03-27 and 1998-03-27,30,0,37,4,51,0,0.0,,,
0001084828,terra resources inc,compuprint inc,2005-08-24,2005-08-24,Between 2005-08-24 and 2005-12-23,2,0,12,7,66,0,0.0,,,
0000783280,drcs llc,duke realty corp,2007-03-01,1996-02-21,Between 2007-03-01 and 2008-02-29,14,1,192,26,2,0,0.0,,,
0000106535,weyerhaeuser taiwan ltd,weyerhaeuser co,2002-02-28,2002-02-28,Between 2002-02-28 and 2003-03-05,115,0,284,18,2,0,0.0,,,
0000766704,wmpt tulsa management llc,welltower inc,2007-03-01,1995-02-14,Between 2007-03-01 and 2008-02-28,128,0,3930,30,2,0,0.0,,,
0001019508,franciscan financial corporation,golden state bancorp inc,1999-03-29,1999-03-29,Between 1999-03-29 and 2001-10-26,60,1,61,2,10,0,0.0,,,
0000100790,univation technology llc,union carbide corp new,1999-03-25,1995-03-10,Active as of 1999-03-25,5,0,96,5,3,0,0.0,,,
0000023666,playtex france sas,lee sara corp,2004-09-03,1994-09-30,Between 2004-09-03 and 2005-09-02,106,0,2074,21,6,0,0.0,,,
0001020265,sabre investments inc,sabre group holdings inc,1999-05-14,1996-08-08,Between 1999-05-14 and 1999-11-08,4,1,369,20,9,0,0.0,,,
0001094831,gfi (hk) brokers limited,bgc partners inc,2016-02-29,2001-03-06,Between 2016-02-29 and 2017-02-28,133,1,590,19,12,0,0.0,,,
0001136869,zimmer uk limited,zimmer biomet holdings inc,2017-11-06,2001-06-18,Between 2017-11-06 and 2018-02-27,5,0,425,40,4,0,0.0,,,
0000829499,bakers inn quality baked goods llc,interstate bakeries corpde,2006-10-06,1998-08-20,Active as of 2006-10-06,7,0,11,3,13,0,0.0,,,
0000071691,the new york times company,new york times co,1999-02-26,1994-03-21,Between 1999-02-26 and 2000-03-14,8,0,189,26,1170,0,0.0,,,
0000894887,jcg holdings (usa) llc,thrift drug inc,2004-11-24,2004-11-24,Between 2004-11-24 and 2009-08-05,44,1,155,4,5,0,0.0,,,
0000095552,california inc,superior industries international inc,1998-03-31,1996-03-29,Between 1998-03-31 and 1999-03-31,11,1,83,16,297,0,0.0,,,
0001010610,laser eye care of california llc,tlc laser center inc,2001-08-29,1998-08-31,Between 2001-08-29 and 2002-08-29,28,0,207,11,58,0,0.0,,,
0000217346,the havens management limited,textron inc,1998-03-16,1996-03-14,Between 1998-03-16 and 1999-03-15,59,0,792,30,2,0,0.0,,,
0001981792,riverwalk management development company llc,howard hughes holdings inc,2024-02-27,2024-02-27,Active as of 2024-02-27,306,1,306,1,25,0,0.0,,,
0000036047,classic settlement inc,first american corp,2002-03-29,1996-03-29,Between 2002-03-29 and 2003-03-31,129,0,1592,26,59,0,0.0,,,
0001058083,ims health beteiligungsgesellschaft mbh,ims health inc,2000-03-17,1998-06-12,Between 2000-03-17 and 2001-03-30,51,0,346,13,35,0,0.0,,,
0001639315,ohi asset (nc) wadesboro lp,ohi healthcare properties limited partnership,2018-02-23,2018-02-23,Between 2018-02-23 and 2019-02-26,135,1,297,3,4,0,0.0,,,
0001289790,ip renewable energy holdings llc,macquarie infrastructure corp,2018-02-21,2004-06-07,Between 2018-02-21 and 2019-02-20,148,0,316,12,57,0,0.0,,,
0001088413,as of may 31 2015 greystone logistics inc had two wholly owned subsidiaries: plastic pallet product,greystone logistics inc,2015-08-31,1999-12-10,Between 2015-08-31 and 2016-08-29,1,0,26,20,155,0,0.0,,,
0000065011,newsub magazine services llc,meredith corp,2018-09-04,1994-09-26,Between 2018-09-04 and 2019-01-08,12,1,42,12,3,0,0.0,,,
0001537951,edgen murray canada inc,edgen group inc,2012-04-17,2012-04-17,Between 2012-04-17 and 2013-03-15,14,1,22,2,4,0,0.0,,,
0001049442,bprex closures and packaging services ltd,pliant corp,2016-05-02,1997-11-12,Between 2016-05-02 and 2021-09-02,170,1,271,14,7,0,0.0,,,
0000013239,quimica borden espana sa,hexion specialty chemicals inc,1998-03-27,1994-10-05,Between 1998-03-27 and 1999-03-31,17,0,551,31,16,0,0.0,,,
0001255474,whiting resources corporation,whiting petroleum corp,2015-02-27,2003-07-25,Active as of 2015-02-27,3,0,17,5,8,0,0.0,,,
0001492633,whats on india media private limited,nielsen nv,2018-02-08,2010-07-08,Between 2018-02-08 and 2020-02-27,56,1,650,12,4,0,0.0,,,
0000097745,planweld limited,thermo fisher scientific inc,1994-03-09,1994-03-09,Between 1994-03-09 and 1995-03-08,229,1,3366,31,3,0,0.0,,,
0001305464,refco overseas limited,refco finance inc,2005-02-23,2005-02-23,Active as of 2005-02-23,53,1,53,1,3,0,0.0,,,
0001070764,inland southeast lakewood outlots llc,inland retail real estate trust inc,2005-03-15,2001-01-31,Active as of 2005-03-15,295,0,358,3,57,0,0.0,,,
0001387603,dct il s gary llc,riverside investors llc,2014-04-10,2014-04-10,Active as of 2014-04-10,402,1,402,1,12,0,0.0,,,
0000736260,independence fixed income llc,hancock john financial services inc,2002-03-26,1999-11-22,Between 2002-03-26 and 2003-03-20,61,0,371,8,60,0,0.0,,,
0001308161,news armenia bv,news corp,2008-08-13,2005-09-01,Between 2008-08-13 and 2009-08-12,212,0,2673,13,39,0,0.0,,,
0000795403,watts italy holding srl,watts industries inc,2006-03-03,1994-09-26,Between 2006-03-03 and 2007-03-01,18,0,303,30,5,0,0.0,,,
0001595262,ims netherlands holding bv,ims health holdings inc,2014-01-02,2014-01-02,Between 2014-01-02 and 2014-03-24,153,1,251,3,35,0,0.0,,,
0000920760,lmc cave creek investor llc,lennar corp new,2025-01-23,1997-02-11,Active as of 2025-01-23,110,0,2451,26,22,0,0.0,,,
0001674168,drt development llc,hilton grand vacations inc,2022-03-01,2016-11-14,Between 2022-03-01 and 2023-03-01,208,0,298,10,4,0,0.0,,,
0001467858,gm holden ltd,general motors co,2009-08-07,2009-08-07,Between 2009-08-07 and 2010-04-07,340,1,996,18,37,0,0.0,,,
0001403528,oaktree european dislocation fund gp ltd,oaktree capital group llc,2013-03-14,2011-08-01,Between 2013-03-14 and 2014-02-28,59,0,1041,14,14,0,0.0,,,
0001308161,news wg holdings inc,news corp,2011-08-15,2005-09-01,Between 2011-08-15 and 2012-08-14,226,0,2673,13,39,0,0.0,,,
0000919482,the outsdoorsman agency inc,travelers property casualty corp,2003-03-04,2002-03-20,Between 2003-03-04 and 2004-03-02,22,0,123,3,1,0,0.0,,,
0001030193,wincup holdings inc,wincup holdings inc,1997-12-12,1997-12-12,Between 1997-12-12 and 2003-05-09,11,1,24,2,3,0,0.0,,,
0000895655,marker dalbello vã¶lklski sports gmbh,jarden corp,2011-02-24,1997-03-27,Between 2011-02-24 and 2012-02-23,51,1,435,20,8,0,0.0,,,
0000078100,zion 2 nqf llc,peco energy co,2004-02-20,1995-07-05,Between 2004-02-20 and 2005-02-23,69,1,794,25,19,0,0.0,,,
0000926660,air 88th streetsecond avenue properties llc,aimco properties lp,2022-03-01,1998-06-22,Between 2022-03-01 and 2023-03-01,123,0,4873,24,143,0,0.0,,,
0001357062,stonehill square llc,kimball hill inc,2008-01-15,2006-12-21,Active as of 2008-01-15,2,0,3,2,2,0,0.0,,,
0000895421,morgan stanley carme luxembourg sa rl,morgan stanley dean witter & co,2012-02-27,1997-03-31,Between 2012-02-27 and 2013-02-26,191,0,2789,25,53,0,0.0,,,
0001403256,och ziff europe loan management limited,och ziff capital management group llc,2018-02-23,2007-10-25,Between 2018-02-23 and 2019-03-15,3,0,56,10,3,0,0.0,,,
0001099735,wreg license llc,gracenote inc,2016-03-24,2016-03-24,Active as of 2016-03-24,215,1,215,1,3,0,0.0,,,
0001044612,burleigh recreation inc,amf bowling inc,1998-03-27,1997-08-21,Between 1998-03-27 and 1998-11-05,22,1,89,5,4,0,0.0,,,
0000026780,dana structural manufacturing llc,dana corp,2009-03-16,1994-03-14,Between 2009-03-16 and 2010-02-24,20,0,1189,29,7,0,0.0,,,
0001503828,arc3 fdblxms01 llc,american realty capital trust iii inc,2012-04-18,2012-04-18,Active as of 2012-04-18,95,1,95,1,4,0,0.0,,,
0001035678,revlon belgium sa (belgium),revlon worldwide parent corp,1997-03-17,1997-03-17,Between 1997-03-17 and 1998-03-31,103,1,226,9,4,0,0.0,,,
0000806085,hei corporation,lehman brothers holdings inc,1995-02-28,1994-04-05,Between 1995-02-28 and 1997-02-28,447,1,833,13,14,0,0.0,,,
0001481832,main street baldwin llc,preferred apartment communities inc,2016-03-14,2010-12-14,Between 2016-03-14 and 2017-03-01,44,0,263,13,73,0,0.0,,,
0000856288,ctrh llc,helian health group inc,2014-12-15,2014-12-15,Between 2014-12-15 and 2015-09-17,326,1,485,2,7,0,0.0,,,
0001065280,netflix pte ltd,netflix inc,2018-01-29,2014-02-03,Between 2018-01-29 and 2019-01-29,2,0,21,7,1,0,0.0,,,
0000911147,century casinos cripple creek inc,century casinos inc co,1997-03-25,1997-03-25,Between 1997-03-25 and 2000-03-13,8,0,72,23,165,0,0.0,,,
0001048695,acopia networks inc,f5 networks inc,2007-11-19,2003-10-30,Between 2007-11-19 and 2008-11-21,1,0,55,13,1,0,0.0,,,
0000926660,himbola manor partnership services inc ltd a partnership,aimco properties lp,2005-03-14,1998-06-22,Between 2005-03-14 and 2006-03-09,1018,1,4873,24,2,0,0.0,,,
0000924642,destron fearing corporation as fka daploma international as,applied digital solutions inc,2009-03-31,1997-03-31,Between 2009-03-31 and 2010-04-01,4,0,184,26,3,0,0.0,,,
0001813756,chausseestraãÿe 29 tenant gmbh,wework inc,2021-10-26,2021-10-26,Between 2021-10-26 and 2023-03-29,763,0,768,2,1,0,0.0,,,
0000009466,tuana springs energy llc,baltimore gas & electric co,2013-02-22,1994-03-30,Between 2013-02-22 and 2014-02-14,391,1,661,26,11,0,0.0,,,
0001579157,vince intermediate holding llc,apparel holding corp,2013-09-24,2013-09-24,Between 2013-09-24 and 2017-04-28,2,0,3,2,5,0,0.0,,,
0000818762,radar exterminating company incorporated,3333 holding corp,1998-06-25,1994-06-29,Between 1998-06-25 and 1999-06-22,81,1,607,9,11,0,0.0,,,
0000078003,pfizer hospital products (belgium) nv belgium pfizer hospital products,pfizer inc,1996-03-29,1994-03-25,Between 1996-03-29 and 1997-03-28,19,0,2141,31,4,0,0.0,,,
0000893670,metaal industrie bergen bv,hayes lemmerz international inc,2003-04-02,1999-04-30,Between 2003-04-02 and 2004-04-09,10,1,117,6,2,0,0.0,,,
0001164727,phillip creek pastoral co pty ltd,newmont corp de,2002-03-27,2002-03-27,Between 2002-03-27 and 2003-03-27,344,0,680,23,8,0,0.0,,,
0001488139,kp tracy medical offices solar llc,ameresco inc,2021-03-02,2010-05-28,Between 2021-03-02 and 2022-03-01,158,0,766,14,18,0,0.0,,,
0001809104,northgatearinso thailand company ltd,alight group inc,2022-03-10,2021-07-12,Between 2022-03-10 and 2023-03-01,17,0,106,3,1,0,0.0,,,
0000891478,consorcio credicard ca,banco santander sa,2008-12-19,2008-12-19,Active as of 2008-12-19,905,0,905,1,34,0,0.0,,,
0001437107,sbs discovery media uk limited,warner bros discovery inc,2014-02-20,2008-08-01,Between 2014-02-20 and 2015-02-19,79,0,1464,17,22,0,0.0,,,
0001494877,digital 1525 comstock llc,digital realty trust lp,2010-06-25,2010-06-25,Between 2010-06-25 and 2010-09-03,159,1,608,14,246,0,0.0,,,
0001344154,medics transport services inc,emergency medical services corp,2012-03-16,2006-03-21,Between 2012-03-16 and 2013-03-12,8,1,221,9,3,0,0.0,,,
0000018926,level 3 telecom of south carolina llc,centurylink inc,2018-03-01,1994-03-17,Between 2018-03-01 and 2019-03-11,177,1,872,30,26,0,0.0,,,
0000084792,shipley bv,rohm & haas co,2001-03-28,1996-03-22,Between 2001-03-28 and 2002-03-26,86,0,415,14,3,0,0.0,,,
0001000229,core laboratories mexico holding bv,core laboratories n v,2001-03-15,2000-03-09,Between 2001-03-15 and 2002-03-25,57,0,238,6,82,0,0.0,,,
0000874761,aes devin co,aes corporation,2007-05-23,1997-03-31,Between 2007-05-23 and 2007-12-07,333,0,4579,30,19,0,0.0,,,
0001160106,ramco acquisition limited,lloyds banking group plc,2014-03-06,2014-03-06,Active as of 2014-03-06,1041,0,1041,1,10,0,0.0,,,
0000895126,chesapeake louisiana lp,chesapeake energy corp,2000-03-30,1997-10-14,Between 2000-03-30 and 2001-03-29,2,1,139,33,84,0,0.0,,,
0001013871,nrg renewables coolwater solar 2 llc,nrg energy inc,2016-12-14,1997-08-12,Between 2016-12-14 and 2017-02-28,106,1,2049,34,19,0,0.0,,,
0001084961,gc encore gbp sarl,encore capital group inc,2016-02-24,1999-05-14,Between 2016-02-24 and 2017-02-23,71,0,271,19,73,0,0.0,,,
0001421182,chillicothe paper inc,verso paper corp,2016-04-14,2007-12-20,Between 2016-04-14 and 2017-03-20,13,1,43,7,7,0,0.0,,,
0001793294,ppd services inc,ppd inc,2020-01-16,2020-01-16,Between 2020-01-16 and 2021-02-26,143,1,165,2,7,0,0.0,,,
0001632970,ahr sun prairie trs sub llc,american healthcare reit inc,2023-03-17,2015-02-10,Between 2023-03-17 and 2023-11-07,54,0,268,21,6,0,0.0,,,
0001053059,essex sf manager lp,essex portfolio lp,2014-02-26,1999-03-31,Between 2014-02-26 and 2015-03-02,113,1,471,19,52,0,0.0,,,
0001283236,wako air express (hk) co ltd hong kong,wako logistics group inc,2005-06-01,2004-06-14,Between 2005-06-01 and 2006-03-31,4,0,14,5,1,0,0.0,,,
0001759413,wuhan meilianxing teaching technology co ltd,meten international education group,2018-12-04,2018-12-04,Between 2018-12-04 and 2019-05-22,77,0,81,2,64,0,0.0,,,
0001040573,com indianapolis inc,comcast cable communications inc,1997-07-03,1997-07-03,Active as of 1997-07-03,143,1,143,1,38,0,0.0,,,
0001061937,host california corporation,host hotels & resorts lp,2006-06-16,1999-03-31,Between 2006-06-16 and 2006-12-11,64,1,692,22,16,0,0.0,,,
0001364479,lan ranch llc,hertz global holdings inc,2024-02-13,2007-03-30,Between 2024-02-13 and 2025-02-13,5,0,280,19,7,0,0.0,,,
0000921500,automated graphic systems ohio inc,consolidated graphics inc tx,2002-05-23,1996-07-01,Between 2002-05-23 and 2003-06-12,15,0,191,20,41,0,0.0,,,
0001013880,teletech customer care management (colorado) inc [fka teletech,teletech holdings inc,1999-03-30,1996-07-05,Between 1999-03-30 and 2000-03-29,27,0,269,27,3,0,0.0,,,
0000902739,bravo media productions llc,nbcuniversal media llc,2011-05-13,2007-01-18,Between 2011-05-13 and 2013-02-21,771,1,1085,9,22,0,0.0,,,
0000883980,eone global llc,first data corp,2001-03-22,1997-03-19,Between 2001-03-22 and 2002-03-22,20,0,798,27,5,0,0.0,,,
0000217028,sipoa,rhone poulenc rorer inc,1994-03-17,1994-03-17,Between 1994-03-17 and 1995-03-20,120,0,227,4,1,0,0.0,,,
0000821130,eastern north carolina cellular joint venture,united states cellular corp,2009-02-26,1994-03-29,Between 2009-02-26 and 2010-02-25,19,1,444,23,223,0,0.0,,,
0001023128,troy vw llc,lithia motors inc,2022-02-18,1996-11-22,Between 2022-02-18 and 2023-02-24,76,0,662,28,35,0,0.0,,,
0000205520,kr publication services inc,knight ridder inc,1997-03-10,1996-03-20,Between 1997-03-10 and 1998-03-13,11,0,175,12,24,0,0.0,,,
0001659166,jacobs vehicle systems inc,fortive corp,2016-05-05,2016-05-05,Between 2016-05-05 and 2017-02-28,267,1,385,8,26,0,0.0,,,
0000812233,o i americas cv,owens illinois group inc,2016-02-16,2002-04-05,Between 2016-02-16 and 2017-02-10,18,1,457,20,71,0,0.0,,,
0000819913,hallmark underwriters inc,hallmark financial services inc,2003-03-27,2003-03-27,Between 2003-03-27 and 2004-03-30,12,0,62,11,34,0,0.0,,,
0000864749,vianova systems sweden ab,trimble navigation ltd ca,2016-02-24,1998-03-30,Between 2016-02-24 and 2017-02-24,45,0,560,27,2,0,0.0,,,
0001468174,hyatt management inc,hyatt hotels corp,2009-08-05,2009-08-05,Between 2009-08-05 and 2010-02-25,271,0,691,16,3,0,0.0,,,
0000924822,basiex inc,miller industries inc tn,2003-05-22,1997-07-29,Between 2003-05-22 and 2005-03-14,29,0,208,11,1,0,0.0,,,
0001610092,ldi management services llc,diplomat pharmacy inc,2019-03-18,2014-07-03,Active as of 2019-03-18,6,1,58,6,10,0,0.0,,,
0000929351,lions gate entertainment corp,lions gate entertainment corp cn,2001-07-24,2001-07-24,Between 2001-07-24 and 2002-07-15,18,0,730,24,4,0,0.0,,,
0000093859,consolidated specialty restaurants inc,biglari holdings inc,1995-12-26,1995-12-26,Between 1995-12-26 and 1998-12-21,3,0,44,11,180,0,0.0,,,
0000823533,owns 276% of protection holding cayman,union security insurance co,2020-04-16,2020-04-16,Active as of 2020-04-16,245,0,245,1,34,0,0.0,,,
0001002579,esa 0780 inc,extended stay america inc,1998-02-20,1996-05-09,Between 1998-02-20 and 1999-03-26,154,0,281,9,9,0,0.0,,,
0000880229,csi acquisition corporation,bachman information systems inc ma,1996-09-30,1996-09-30,Between 1996-09-30 and 1997-03-31,21,0,32,3,61,0,0.0,,,
0001069202,lennox global ltdsee annex e,lennox international inc,2008-02-28,1999-04-06,Between 2008-02-28 and 2010-02-18,9,0,484,22,3,0,0.0,,,
0000801351,ckj uk ltd,warnaco group inc de,2008-02-27,1998-04-03,Between 2008-02-27 and 2009-03-02,10,1,231,14,5,0,0.0,,,
0001011006,yahoo! communications usa inc,yahoo inc,2006-03-03,1997-03-31,Between 2006-03-03 and 2007-02-23,37,0,414,22,2,0,0.0,,,
0000016099,paradise restaurant group llc,lubys inc,2013-11-12,1996-11-26,Between 2013-11-12 and 2014-11-12,28,0,44,10,54,0,0.0,,,
0001646972,united supermarkets llc,albertsons companies inc,2015-08-26,2015-08-26,Between 2015-08-26 and 2016-05-11,254,1,364,12,656,0,0.0,,,
0000315293,alexander howden north america inc,aon plc,1998-03-31,1996-02-12,Between 1998-03-31 and 1999-03-29,675,0,5214,30,44,0,0.0,,,
0000922864,partners liquidating trust,apartment investment & management co,1999-03-31,1997-03-31,Between 1999-03-31 and 2000-03-15,571,1,5014,27,63,0,0.0,,,
0000038067,forest city capital corporation,forest city enterprises inc,1997-04-30,1997-04-30,Between 1997-04-30 and 2000-04-25,35,0,214,16,89,0,0.0,,,
0000049196,agency inc (kentucky) the bank of winter park mortgage company (florida),huntington bancshares incmd,1999-02-19,1995-01-27,Between 1999-02-19 and 2000-02-22,8,0,212,32,59,0,0.0,,,
0001792627,sto2 sp z oo,just eat takeawaycom nv,2020-12-28,2020-12-28,Between 2020-12-28 and 2021-03-25,23,0,93,2,1,0,0.0,,,
0000945800,asp sw owner llc,dominicks finer foods llc,2017-05-19,2017-05-19,Active as of 2017-05-19,256,1,256,1,36,0,0.0,,,
0000315189,john deere finance,deere & co,1994-01-28,1994-01-28,Between 1994-01-28 and 1995-01-26,27,0,181,28,123,0,0.0,,,
0001494877,digital garland campbell lp,digital realty trust lp,2023-08-04,2010-06-25,Between 2023-08-04 and 2024-02-23,160,1,608,14,246,0,0.0,,,
0000096223,north east point land co llc,leucadia national corp,2007-02-28,1994-03-23,Between 2007-02-28 and 2008-02-29,45,0,627,32,721,0,0.0,,,
0000012927,boeing overseas inc,boeing co,2003-02-27,2003-02-27,Between 2003-02-27 and 2004-03-05,283,0,500,16,1,0,0.0,,,
0000930835,edison mission energy fuel pte ltd,edison mission energy,1997-03-31,1997-03-31,Between 1997-03-31 and 1998-03-31,106,0,688,17,50,0,0.0,,,
0001411494,apollo accord management ii llc,apollo global management llc,2019-03-01,2011-03-21,Between 2019-03-01 and 2020-02-21,103,1,1470,12,60,0,0.0,,,
0001451505,or norge operations inc,transocean ltd,2019-02-19,2009-02-26,Between 2019-02-19 and 2020-02-18,110,1,611,17,47,0,0.0,,,
0001324272,rhg kingfish llc,ruths hospitality group inc,2008-03-12,2005-04-25,Between 2008-03-12 and 2011-03-04,5,0,21,5,3,0,0.0,,,
0001048911,fedex cross border technologies llc,fedex corp,2022-07-18,1998-08-14,Between 2022-07-18 and 2023-07-17,10,0,596,25,5,0,0.0,,,
0000811930,partnership) 50% interest,michael foods inc,1994-03-31,1994-03-31,Between 1994-03-31 and 1996-03-15,19,0,21,2,124,0,0.0,,,
0000045012,halliburton tesel ltd,halliburton co,1996-12-12,1994-03-11,Between 1996-12-12 and 1997-03-28,253,0,1288,28,3,0,0.0,,,
0000904978,shg netherlands i inc,sun healthcare group inc,2002-03-29,1997-03-28,Between 2002-03-29 and 2003-03-28,156,0,561,13,9,0,0.0,,,
0001444598,equiclaim llc,emdeon inc,2012-07-20,2008-09-12,Between 2012-07-20 and 2014-03-17,4,1,53,9,2,0,0.0,,,
0000106040,sandisk holding bv,western digital corp,2016-08-29,1996-09-18,Between 2016-08-29 and 2016-12-22,87,1,246,27,5,0,0.0,,,
0000062709,johnson & higgins (uruguay) inc,marsh & mclennan companies inc,1999-03-31,1995-03-28,Between 1999-03-31 and 2000-03-29,565,0,3793,30,83,0,0.0,,,
0001142028,orange city mills mezzanine partnership,mills limited partnership,2004-04-19,2004-04-19,Between 2004-04-19 and 2005-03-31,261,1,371,2,129,0,0.0,,,
0001496264,hudson one ferry reit gp llc,hudson pacific properties lp,2019-02-19,2015-08-14,Between 2019-02-19 and 2020-02-24,13,1,140,8,119,0,0.0,,,
0000070858,eagle mezzanine partners i llc,bank of america corp de,2005-03-01,1994-03-30,Between 2005-03-01 and 2006-03-16,446,0,4603,28,273,0,0.0,,,
0000047580,adda properties,hilton hotels corp,2007-02-28,1994-03-29,Active as of 2007-02-28,209,0,761,13,4,0,0.0,,,
0000732713,comunicaciones trunking sa,bellsouth corp,2001-03-02,1995-03-08,Between 2001-03-02 and 2002-02-28,249,0,703,10,9,0,0.0,,,
0000731766,asc computer software (nz) limited,unitedhealth group inc,2024-02-28,1995-03-28,Active as of 2024-02-28,1040,0,4307,34,53,0,0.0,,,
0001889539,aig asset management (europe) limited,corebridge financial inc,2023-02-24,2022-08-16,Between 2023-02-24 and 2024-02-15,4,1,56,4,12,0,0.0,,,
0001012477,avadel finance ireland designated activity company,avadel pharmaceuticals plc,2018-03-16,2016-03-15,Between 2018-03-16 and 2020-03-16,4,0,35,7,1,0,0.0,,,
0000078003,chc llc,pfizer inc,2004-03-10,1994-03-25,Between 2004-03-10 and 2005-02-28,230,0,2141,31,30,0,0.0,,,
0000898293,mikromashina (russian federation) (jabil ly owns 5442% of this entity),jabil circuit inc,2015-10-16,1997-10-16,Between 2015-10-16 and 2016-10-20,18,0,404,27,1,0,0.0,,,
0000201533,companhia jaguari de energia sa,consumers energy co,2000-03-30,1994-03-18,Between 2000-03-30 and 2001-03-23,289,1,587,17,36,0,0.0,,,
0001839341,american property acquisitions vii llc,core scientific inctx,2024-03-13,2022-01-24,Active as of 2024-03-13,4,0,6,2,1228,0,0.0,,,
0001207179,golar hilli (uk) limited,golar lng ltd,2004-06-30,2004-06-30,Active as of 2004-06-30,25,0,25,1,4,0,0.0,,,
0000878130,corporate express document & print management inc,corporate express inc,1999-04-27,1996-06-14,Active as of 1999-04-27,5,1,222,7,160,0,0.0,,,
0001599947,capital dynamics us solar aiv a lp,terraform power inc,2015-01-08,2014-06-13,Between 2015-01-08 and 2015-05-08,117,0,793,10,322,0,0.0,,,
0001101723,memorial surgery center llc (doing business as tulsa surgery center),united surgical partners international inc,2012-08-24,2001-02-12,Between 2012-08-24 and 2013-02-26,55,1,1133,18,45,0,0.0,,,
0001355459,sungard do brasil servicos de informatica ltda,sungard workflow solutions llc,2007-03-09,2006-04-19,Active as of 2007-03-09,151,1,324,2,7,0,0.0,,,
0001330017,wealthstar holdings limited,focus media holding ltd,2007-09-25,2005-06-14,Between 2007-09-25 and 2008-05-06,41,0,300,12,1,0,0.0,,,
0001003410,sugarloaf holdings one llc,duke realty limited partnership,2000-03-30,1996-02-29,Between 2000-03-30 and 2001-03-30,26,1,176,26,10,0,0.0,,,
0001292055,poly vac sa,symmetry medical inc,2005-03-25,2004-05-28,Between 2005-03-25 and 2008-04-24,4,0,51,9,33,0,0.0,,,
0001013844,cpsi huntsville tic investor i llc,colonial realty limited partnership,2008-02-29,1996-05-13,Between 2008-02-29 and 2009-02-27,80,1,481,12,4,0,0.0,,,
0000053669,johnson controls automotive ltd,johnson controls inc,1995-12-20,1995-12-20,Between 1995-12-20 and 1996-12-13,183,0,453,12,83,0,0.0,,,
0000092344,eleven inc,southland corp,2000-03-17,1994-03-30,Between 2000-03-17 and 2001-03-16,8,0,71,10,18,0,0.0,,,
0000845752,armor forensics international ag,armor holdings inc,2007-02-26,1996-08-16,Active as of 2007-02-26,63,0,289,15,18,0,0.0,,,
0000853323,"environmental services inc (""lees"")",law companies group inc,2000-03-29,1997-03-25,Between 2000-03-29 and 2001-03-29,10,0,103,4,112,0,0.0,,,
0000915389,eastman fibers korea ltd,eastman chemical co,2010-02-24,1997-03-13,Between 2010-02-24 and 2011-02-23,3,0,523,29,18,0,0.0,,,
0000075234,western fiberglass of arizona,owens corning,1996-02-23,1994-03-29,Between 1996-02-23 and 1997-03-20,38,0,243,13,490,0,0.0,,,
0000746598,seton australia pty ltd,brady w h co,1995-10-13,1995-10-13,Between 1995-10-13 and 1996-10-25,24,0,277,26,2,0,0.0,,,
0000891103,vat films inc,iacinteractivecorp,2001-04-02,1997-04-14,Between 2001-04-02 and 2002-04-01,222,0,1224,29,3,0,0.0,,,
0000791269,chrysler realty corporation (delaware)(real estate holding company),chrysler corp de,1994-02-04,1994-02-04,Between 1994-02-04 and 1995-02-02,233,0,385,5,6,0,0.0,,,
0001778129,ilera healthcare llc,terrascend corp,2021-11-02,2021-11-02,Between 2021-11-02 and 2023-03-16,49,0,84,3,1,0,0.0,,,
0000070858,paradise urban investments llc,bank of america corp de,2005-03-01,1994-03-30,Between 2005-03-01 and 2006-03-16,446,0,4603,28,54,0,0.0,,,
0000745142,ltd (australia) helene curtis inc,curtis helene industries inc de,1994-05-27,1994-05-27,Active as of 1994-05-27,8,0,8,1,73,0,0.0,,,
0000004285,british alcan rolled products limited,alcan aluminium ltd new,1998-03-31,1998-03-31,Between 1998-03-31 and 1999-03-30,150,0,963,10,64,0,0.0,,,
0001166691,tci fclp washington inc,comcast corp,2003-03-20,2003-03-20,Between 2003-03-20 and 2004-03-12,1101,1,3605,24,31,0,0.0,,,
0001355459,sungard bsr inc,sungard workflow solutions llc,2006-04-19,2006-04-19,Between 2006-04-19 and 2007-03-09,173,1,324,2,7,0,0.0,,,
0001411494,neptune finance ccs ltd,apollo global management llc,2012-03-09,2011-03-21,Between 2012-03-09 and 2013-03-01,85,0,1470,12,53,0,0.0,,,
0000944765,medical imaging education llc,merge healthcare inc,2010-03-12,2006-08-30,Between 2010-03-12 and 2011-03-16,11,0,36,8,282,0,0.0,,,
0000029915,umetco minerals corporation,dow chemical co de,2002-03-20,1995-03-23,Between 2002-03-20 and 2003-02-28,237,1,1756,30,2,0,0.0,,,
0000884614,i trust company of the west,ugi corp pa,1996-09-17,1996-09-17,Between 1996-09-17 and 1996-12-26,4,1,313,28,339,0,0.0,,,
0000935419,st dining services inc,rci hospitality holdings inc,2022-12-14,1996-12-30,Between 2022-12-14 and 2023-12-14,32,0,267,24,419,0,0.0,,,
0000929008,voice video and data distribution de mexico s de rl de cv,wesco international inc,2016-02-22,1998-03-10,Between 2016-02-22 and 2017-02-22,15,0,283,14,16,0,0.0,,,
0001364885,spirit aerosystems global investments cooperatief ua,spirit aerosystems holdings inc,2013-03-01,2007-03-05,Between 2013-03-01 and 2019-02-08,4,0,49,13,47,0,0.0,,,
0000069488,holdiplast sas,myers industries inc,2007-03-16,1996-03-25,Between 2007-03-16 and 2007-05-10,6,0,176,39,1,0,0.0,,,
0000885720,k w kohanaiki llc,kennedy wilson inc,2013-02-14,1999-03-12,Between 2013-02-14 and 2018-06-19,393,1,918,7,2,0,0.0,,,
0000915389,commonwealth laminating & coating (shanghai) co ltd,eastman chemical co,2015-02-27,1997-03-13,Between 2015-02-27 and 2016-02-25,54,0,523,29,101,0,0.0,,,
0000828916,amarillo centers inc,weingarten realty investors tx,1994-03-24,1994-03-24,Between 1994-03-24 and 1995-03-23,27,0,418,22,21,0,0.0,,,
0001282266,d&e communications inc,windstream corp,2010-01-08,2005-05-13,Between 2010-01-08 and 2010-02-24,21,1,400,18,114,0,0.0,,,
0000106640,whirlpool overseas manufacturing s`arl,whirlpool corp de,2008-02-22,1995-03-17,Between 2008-02-22 and 2009-02-19,176,0,412,28,2,0,0.0,,,
0001708035,potters canada holding company,pq group holdings inc,2017-06-09,2017-06-09,Between 2017-06-09 and 2017-07-18,82,0,114,6,10,0,0.0,,,
0000876883,locaria group llc,mdc partners inc,2024-03-11,2004-05-10,Active as of 2024-03-11,101,0,463,22,1,0,0.0,,,
0000730469,oy dumex alpharma ab,a l pharma inc,1997-03-24,1996-03-22,Between 1997-03-24 and 1998-03-09,8,0,85,11,67,0,0.0,,,
0000916457,calpine freestone llc,calpine corp,2005-03-31,1996-06-19,Between 2005-03-31 and 2006-05-19,63,1,890,21,4,0,0.0,,,
0000716006,gps logistics group (bermuda),yrc worldwide inc,2006-03-15,2003-03-06,Between 2006-03-15 and 2007-03-01,67,0,183,15,18,0,0.0,,,
0000069526,june 23,nabisco inc,1998-03-10,1997-03-10,Between 1998-03-10 and 1999-03-22,5,1,241,4,28,0,0.0,,,
0000052617,irwin capital holdings corporation,irwin financial corporation,2001-09-18,1996-03-27,Between 2001-09-18 and 2001-12-19,3,0,55,14,12,0,0.0,,,
0000774203,offitbank latin america fund inc,wachovia corp nc,2000-03-28,2000-03-28,Between 2000-03-28 and 2001-03-05,73,1,83,2,3,0,0.0,,,
0001015611,austar retail pty limited,uih australia pacific inc,1998-03-31,1996-07-26,Between 1998-03-31 and 1999-03-31,9,0,86,6,5,0,0.0,,,
0000937556,d & m sales & marketing americas llc,masimo corp,2022-08-10,2007-04-17,Between 2022-08-10 and 2023-03-01,54,0,122,25,76,0,0.0,,,
0001319764,bioexpress llc,cdrv investors inc,2012-03-02,2005-04-15,Between 2012-03-02 and 2013-03-05,16,1,146,9,4,0,0.0,,,
0000311817,grove isle marina inc,hmg courtland properties inc,2005-03-31,2005-03-31,Between 2005-03-31 and 2006-03-31,8,0,20,8,66,0,0.0,,,
0001410660,rangeland pipeline company,plains gp holdings lp,2007-10-10,2007-10-10,Active as of 2007-10-10,29,1,29,1,5,0,0.0,,,
0001012620,dansville & mount morris railroad company (the),genesee & wyoming inc,1999-03-31,1996-06-07,Between 1999-03-31 and 2000-03-30,8,0,308,23,1,0,0.0,,,
0001156039,pasteur medical cutler bay llc,wellpoint inc,2018-02-21,2001-10-01,Between 2018-02-21 and 2019-02-20,56,0,611,23,7,0,0.0,,,
0000922404,empiregas inc of sandy,empire gas corpnew,1994-06-10,1994-06-10,Between 1994-06-10 and 1995-09-28,296,0,506,5,1,0,0.0,,,
0001524607,mpt luxembourg aif italy gp sarl,mpt operating partnership lp,2019-03-01,2012-02-29,Between 2019-03-01 and 2020-02-27,23,1,738,13,2,0,0.0,,,
0001684682,um strategic capital equityco llc,cnl strategic capital llc,2021-03-30,2018-02-12,Between 2021-03-30 and 2021-04-09,6,0,124,11,2,0,0.0,,,
0001500866,interxion denmark aps,interxion holding nv,2011-01-12,2011-01-12,Active as of 2011-01-12,23,0,23,1,3,0,0.0,,,
0001316631,telenet luxembourg finance center sarl,liberty global inc,2011-02-24,2005-05-03,Between 2011-02-24 and 2012-02-22,39,1,476,9,2,0,0.0,,,
0000074260,professional real estate coordinators inc,old republic international corp,1997-03-27,1996-03-28,Between 1997-03-27 and 1998-03-27,15,0,253,27,202,0,0.0,,,
0000033407,eurostrut bv,erico products inc,2004-05-07,2004-05-07,Active as of 2004-05-07,33,0,33,1,1,0,0.0,,,
0001301611,crockett pho llc,lifepoint hospitals inc,2006-02-07,2006-02-07,Between 2006-02-07 and 2007-02-06,177,1,381,14,17,0,0.0,,,
0001030376,grove colonial mortuary,rose hills co,1997-02-07,1997-02-07,Between 1997-02-07 and 1999-03-30,17,0,21,2,66,0,0.0,,,
0000899723,vacuumschmelze (malaysia) sdn bhd,om group inc,2012-02-28,1997-03-21,Between 2012-02-28 and 2013-02-28,25,0,146,18,1,0,0.0,,,
0000023666,sara lee international holdings bv,lee sara corp,2007-08-29,1994-09-30,Between 2007-08-29 and 2008-08-27,22,1,2074,21,6,0,0.0,,,
0000081362,ultraseal germany gmbh,quaker chemical corp,2021-03-01,1994-03-30,Between 2021-03-01 and 2022-03-01,14,0,131,22,1,0,0.0,,,
0000882184,meadows vii ltd,horton d r inc de,1997-12-08,1996-12-20,Between 1997-12-08 and 1998-12-10,57,0,823,27,34,0,0.0,,,
0000019617,max recovery inc,j p morgan chase & co,2009-03-02,1994-03-25,Between 2009-03-02 and 2010-02-24,180,1,1422,24,48,0,0.0,,,
0000920522,view ii investors a california,essex property trust inc,2014-02-26,1997-03-31,Between 2014-02-26 and 2015-03-02,25,1,472,26,20,0,0.0,,,
0000034088,mobil oil nigeria public company,exxon corp,2000-03-23,1994-03-11,Between 2000-03-23 and 2001-03-28,137,1,562,31,5,0,0.0,,,
0000794170,newtown chase partnership,toll brothers inc,2004-01-15,2002-01-10,Between 2004-01-15 and 2005-01-13,305,0,1258,22,13,0,0.0,,,
0001411537,tcf eastern europe inc,ruby newco llc,2007-10-17,2007-10-17,Between 2007-10-17 and 2008-03-20,1362,1,1427,2,16,0,0.0,,,
0001585364,perrigo ireland holding co bv,perrigo co plc,2014-08-14,2013-08-28,Between 2014-08-14 and 2015-08-13,124,0,360,12,2,0,0.0,,,
0001327978,trt noip maple el segundo lp,dividend capital total realty trust inc,2011-08-03,2005-05-27,Between 2011-08-03 and 2011-11-23,128,0,658,36,7,0,0.0,,,
0000925692,united artists (childrens channel) limited,tele communications inc co,1996-03-27,1994-06-23,Between 1996-03-27 and 1997-03-28,853,1,1757,6,656,0,0.0,,,
0000805305,rossignol sci srl,quiksilver inc,2005-10-28,1996-01-26,Between 2005-10-28 and 2006-01-17,31,1,197,20,2,0,0.0,,,
0001308161,the times literary supplement limited,news corp,2005-09-01,2005-09-01,Between 2005-09-01 and 2006-08-23,1234,1,2673,13,33,0,0.0,,,
0001496264,hudson 555 twin dolphin plaza llc,hudson pacific properties lp,2015-08-14,2015-08-14,Between 2015-08-14 and 2017-02-21,75,1,140,8,119,0,0.0,,,
0000081100,puget lng llc,puget sound energy inc,2017-03-03,2003-03-10,Between 2017-03-03 and 2024-03-05,1,1,4,4,13,0,0.0,,,
0001411537,collins bartholomew limited,ruby newco llc,2007-10-17,2007-10-17,Between 2007-10-17 and 2008-03-20,1362,1,1427,2,42,0,0.0,,,
0001058991,nationwide new south financial services llc,new south bancshares inc,2001-03-30,2000-03-30,Between 2001-03-30 and 2002-03-29,6,0,14,3,46,0,0.0,,,
0001166691,qfit inc,comcast corp,2003-03-20,2003-03-20,Between 2003-03-20 and 2004-03-12,1101,1,3605,24,2,0,0.0,,,
0001041803,aeropost chile sa,pricesmart inc,2018-10-25,1997-08-13,Between 2018-10-25 and 2021-10-21,14,0,99,18,1,0,0.0,,,
0001027884,lummus technology inc,chicago bridge & iron co n v,2009-02-25,1997-02-28,Between 2009-02-25 and 2011-02-22,8,0,130,19,2,0,0.0,,,
0000097472,texas industries trust,texas industries inc,1997-07-17,1994-08-26,Between 1997-07-17 and 1998-08-27,8,0,68,10,477,0,0.0,,,
0000765052,marlboro clinic corp,hallmark healthcare corp,2007-10-05,1994-09-20,Active as of 2007-10-05,281,1,299,2,5,0,0.0,,,
0001039508,khsusp surgery centers llc,ortholink physicians corp,2012-08-24,2007-07-03,Active as of 2012-08-24,435,1,441,2,3,0,0.0,,,
0001173284,cash magic breaux bridge llc,jacobs entertainment inc,2012-03-30,2005-03-28,Active as of 2012-03-30,19,0,47,7,54,0,0.0,,,
0001507385,arc3 dgmnvin001 llc,vereit inc,2013-11-26,2011-06-13,Between 2013-11-26 and 2014-02-27,644,1,2825,16,4,0,0.0,,,
0000935930,coastal financial capital trust i,coastal financial corp de,2003-12-22,1996-12-27,Between 2003-12-22 and 2006-12-14,3,1,22,6,115,0,0.0,,,
0001141982,cooper industries south africa llc,cooper industries ltd,2006-03-01,2003-02-26,Between 2006-03-01 and 2007-02-21,20,1,410,8,38,0,0.0,,,
0001756761,pt co gp fund llc,invesco real estate income trust inc,2023-03-24,2021-03-31,Between 2023-03-24 and 2024-03-22,21,0,88,5,670,0,0.0,,,
0000031462,ecolab global business services llc,ecolab inc,2019-03-01,1996-03-27,Between 2019-03-01 and 2020-02-28,38,0,981,29,1,0,0.0,,,
0001366993,burlington coat factory realty of des peres inc,burlington coat factory warehouse of anchorage in,2006-10-10,2006-10-10,Active as of 2006-10-10,130,1,130,1,65,0,0.0,,,
0000079282,berkeley insurance group uk limited,brown & brown inc,2024-02-22,2001-03-14,Between 2024-02-22 and 2025-02-13,214,0,638,24,41,0,0.0,,,
0001022438,tcc air gp llc,trammell crow co,2005-03-16,1997-09-03,Between 2005-03-16 and 2006-03-15,93,0,937,9,24,0,0.0,,,
0000904978,mediplex management,sun healthcare group inc,2000-07-14,1997-03-28,Between 2000-07-14 and 2002-03-29,13,0,561,13,3,0,0.0,,,
0001032204,hartford investments canada corporation,hartford life inc,2000-03-24,1997-03-21,Active as of 2000-03-24,9,0,98,4,31,0,0.0,,,
0000108772,buck consultants limited,xerox corp,2011-02-23,1996-03-28,Between 2011-02-23 and 2012-02-23,187,1,1213,31,15,0,0.0,,,
0001160106,godfrey davis (contract hire) limited,lloyds banking group plc,2014-03-06,2014-03-06,Active as of 2014-03-06,1041,0,1041,1,13,0,0.0,,,
0001571996,emc information systems pakistan (private) limited,dell technologies inc,2017-03-31,2016-04-11,Between 2017-03-31 and 2018-03-29,308,0,855,8,22,0,0.0,,,
0000002491,advanced casino systems corporation,alliance gaming corp,2004-09-13,1997-09-26,Between 2004-09-13 and 2005-12-30,32,0,106,10,511,0,0.0,,,
0001701605,bj services international sã  rl,baker hughes a ge co,2018-02-23,2017-03-29,Between 2018-02-23 and 2021-02-25,29,1,47,6,12,0,0.0,,,
0001393818,breds capital gp llp,blackstone inc,2018-03-01,2007-06-04,Between 2018-03-01 and 2019-03-01,176,0,2338,18,1,0,0.0,,,
0001176372,mbi insurance agency of washington inc,mony holdings llc,2002-10-02,2002-10-02,Active as of 2002-10-02,32,1,32,1,18,0,0.0,,,
0000048569,wood wyant inc,wyant corp,1998-03-24,1998-03-24,Active as of 1998-03-24,3,1,3,1,58,0,0.0,,,
0000813828,paramount roy rogers music co inc,viacom inc,1999-03-31,1994-03-31,Between 1999-03-31 and 2000-03-24,50,0,2798,31,43,0,0.0,,,
0001584207,springleaf financial technology inc,springleaf holdings llc,2013-10-01,2013-10-01,Between 2013-10-01 and 2014-04-15,102,1,233,12,3,0,0.0,,,
0001070750,cchh reston llc,host hotels & resorts inc,2005-03-01,1999-03-26,Between 2005-03-01 and 2005-12-09,325,1,690,19,3,0,0.0,,,
0001517522,swift assets pty ltd,esco corp,2011-05-02,2011-05-02,Between 2011-05-02 and 2012-02-14,50,0,56,2,43,0,0.0,,,
0001327978,bc exchange stafford grove trs llc,dividend capital total realty trust inc,2020-03-05,2005-05-27,Between 2020-03-05 and 2020-03-19,31,0,658,36,92,0,0.0,,,
0000045012,shaw pipe protection limited,halliburton co,2000-03-14,1994-03-11,Between 2000-03-14 and 2001-03-27,331,1,1288,28,15,0,0.0,,,
0000834208,navteq ltd,navteq corp,2004-03-16,2001-11-15,Between 2004-03-16 and 2004-07-16,8,0,57,9,1,0,0.0,,,
0000917711,ouachita operating services llc,cogentrix energy inc,2000-10-23,1997-09-29,Between 2000-10-23 and 2001-04-02,35,1,169,7,8,0,0.0,,,
0001752836,veterinary data service inc,covetrus inc,2019-02-07,2019-01-08,Between 2019-02-07 and 2020-03-03,20,0,133,5,11,0,0.0,,,
0000320187,nike france sas,nike inc,2009-07-27,1995-08-30,Between 2009-07-27 and 2010-07-20,137,0,251,17,2,0,0.0,,,
0000935419,fantastic dining inc,rci hospitality holdings inc,2018-02-14,1996-12-30,Between 2018-02-14 and 2018-12-31,4,0,267,24,4,0,0.0,,,
0001318035,dmu butler inc,ntk holdings inc,2005-07-05,2005-07-05,Between 2005-07-05 and 2005-07-19,66,1,104,7,3,0,0.0,,,
0001469628,hygea lab corp,piper acquisition ii inc,2011-05-16,2011-05-16,Active as of 2011-05-16,13,0,13,1,1,0,0.0,,,
0000225648,covanta mendota lp,covanta holding corp,2008-02-26,1996-07-05,Between 2008-02-26 and 2009-03-02,50,0,563,19,4,0,0.0,,,
0000026780,nakata autoparts sa,dana corp,1999-02-24,1994-03-14,Between 1999-02-24 and 2000-03-14,204,0,1189,29,1,0,0.0,,,
0000891082,tc bevco llc,taco cabana inc,2004-06-22,1997-03-28,Between 2004-06-22 and 2012-04-30,14,1,24,4,78,0,0.0,,,
0000750577,berwick llc,hancock holding co,2012-02-28,2007-02-23,Between 2012-02-28 and 2014-02-28,4,0,51,9,8,0,0.0,,,
0001018871,great lakes lithotripsy partnership lp,healthtronics surgical services inc,2005-03-16,1999-01-26,Between 2005-03-16 and 2006-04-20,93,1,339,13,368,0,0.0,,,
0001766363,img sports development (shanghai) limited,endeavor group holdings inc,2023-02-28,2019-07-24,Between 2023-02-28 and 2024-02-28,88,0,187,4,14,0,0.0,,,
0000014846,trb jackson square llc,brt realty trust,2017-12-14,2007-12-14,Between 2017-12-14 and 2018-12-10,9,0,124,16,10,0,0.0,,,
0001782430,704th 5th avenue east llc,strawberry fields reit inc,2022-05-31,2022-05-31,Between 2022-05-31 and 2023-03-27,101,0,111,2,1,0,0.0,,,
0001166691,gep cherry flavor inc,comcast corp,2023-02-03,2003-03-20,Between 2023-02-03 and 2024-01-31,688,0,3605,24,5,0,0.0,,,
0000085388,fremont plaza llc,rouse company,2005-03-31,1996-03-05,Between 2005-03-31 and 2006-04-18,377,1,933,11,31,0,0.0,,,
0000876883,allison & partners (thailand) limited,mdc partners inc,2020-03-05,2004-05-10,Between 2020-03-05 and 2021-03-16,16,0,463,22,14,0,0.0,,,
0000104938,tomoka refuse inc,wmx technologies inc,1994-03-30,1994-03-30,Between 1994-03-30 and 1996-03-29,831,0,1110,4,3,0,0.0,,,
0001393818,blackstone family mezzanine partnership lp,blackstone inc,2007-06-04,2007-06-04,Between 2007-06-04 and 2008-03-12,543,0,2338,18,20,0,0.0,,,
0000110621,rust oleum australia & new zealand pty ltd,rpm incoh,2019-07-24,1994-08-29,Between 2019-07-24 and 2020-07-27,5,0,1009,31,9,0,0.0,,,
0000740260,253 medical center llc,ventas inc,2012-02-22,1996-03-29,Between 2012-02-22 and 2013-02-19,507,0,3485,28,3,0,0.0,,,
0001517342,triton engineering services company llc (fka triton engineering services company),pacific drilling sa,2021-12-22,2011-11-07,Between 2021-12-22 and 2022-03-18,119,1,166,4,55,0,0.0,,,
0000945436,sune somerset land llc,sunedison inc,2013-03-01,1997-03-21,Between 2013-03-01 and 2014-03-06,64,0,377,15,5,0,0.0,,,
0001556593,genesis capital llc,rithm capital corp,2022-02-17,2013-03-27,Between 2022-02-17 and 2023-02-17,44,0,543,16,71,0,0.0,,,
0000922864,cypress landing associates,apartment investment & management co,1998-03-24,1997-03-31,Between 1998-03-24 and 1999-03-31,831,1,5014,27,99,0,0.0,,,
0001193558,first states wilmington jv lp,american financial realty trust,2004-03-26,2003-04-11,Between 2004-03-26 and 2005-03-10,11,0,396,8,847,0,0.0,,,
0001467373,accenture (botswana) limited,accenture plc,2015-10-30,2009-10-19,Between 2015-10-30 and 2016-10-28,98,0,1442,16,2,0,0.0,,,
0001418091,ti sparrow ireland ii,twitter inc,2013-10-15,2013-10-15,Between 2013-10-15 and 2019-02-21,15,0,19,3,39,0,0.0,,,
0000895421,maple jv llc,morgan stanley dean witter & co,2002-02-14,1997-03-31,Between 2002-02-14 and 2003-02-19,138,0,2789,25,84,0,0.0,,,
0001376812,remington ii llc,patriot coal corp,2009-03-02,2007-05-14,Between 2009-03-02 and 2010-02-24,40,0,144,11,22,0,0.0,,,
0001770450,xerox telebusiness gmbh,xerox holdings corp,2020-02-28,2020-02-28,Between 2020-02-28 and 2021-02-25,189,1,280,4,5,0,0.0,,,
0000720672,washington crossing advisors llc,stifel financial corp,2022-02-18,1996-03-26,Between 2022-02-18 and 2023-02-17,36,0,161,23,184,0,0.0,,,
0001108109,east georgia hma physician management llc,community health systems inc,2015-02-25,2000-04-19,Between 2015-02-25 and 2016-02-17,357,1,1808,21,380,0,0.0,,,
0000818479,sirona bermuda ii ltd,dentsply sirona inc,2017-03-01,1996-04-01,Between 2017-03-01 and 2018-03-15,75,0,857,29,4,0,0.0,,,
0001552033,transunion reverse exchange s de rl de cv,transunion,2018-02-13,2012-07-31,Between 2018-02-13 and 2019-02-14,16,0,249,13,4,0,0.0,,,
0000357226,host waltham hotel llc,potomac hotel ltd partnership,2006-06-16,2003-12-09,Between 2006-06-16 and 2006-12-11,101,1,553,7,16,0,0.0,,,
0000066479,celliance lawrence inc,millipore corp ma,2007-03-01,1994-03-28,Between 2007-03-01 and 2009-02-27,18,1,124,13,2,0,0.0,,,
0000924642,applied cellular technology of missouri inc,applied digital solutions inc,1998-03-30,1997-03-31,Between 1998-03-30 and 1999-03-31,15,0,184,26,176,0,0.0,,,
0001188303,nrg dgen advisory services llc,texas genco holdings inc,2016-12-14,2002-09-13,Between 2016-12-14 and 2017-03-01,217,1,1247,10,19,0,0.0,,,
0001048286,marriott international design & construction services inc (uk establishment),marriott international inc md,2016-02-18,1998-02-13,Between 2016-02-18 and 2017-02-21,259,0,1271,27,7,0,0.0,,,
0001551182,cooper industries (canada) company,eaton corp plc,2019-02-27,2012-06-22,Between 2019-02-27 and 2020-02-26,37,1,754,13,38,0,0.0,,,
0000918040,unicom technology development inc,unicom corp,1996-02-16,1996-02-16,Between 1996-02-16 and 1997-03-28,13,1,46,5,18,0,0.0,,,
0000004285,alcan packaging dublin ltd,alcan aluminium ltd new,2004-03-15,1998-03-31,Between 2004-03-15 and 2005-03-16,333,0,963,10,5,0,0.0,,,
0000929351,artisan releasing inc,lions gate entertainment corp cn,2004-06-29,2001-07-24,Between 2004-06-29 and 2005-06-29,69,0,730,24,14,0,0.0,,,
0001004990,nds consulting inc,ncs healthcare inc,1998-09-28,1998-09-28,Between 1998-09-28 and 1998-10-01,53,0,63,5,9,0,0.0,,,
0001492298,ccp royal oaks 0112 llc,sabra health care reit inc,2018-02-21,2010-09-24,Between 2018-02-21 and 2019-02-25,345,1,592,17,23,0,0.0,,,
0000729237,pky 1300 riverplace llc,parkway properties inc,2013-11-05,1996-04-01,Between 2013-11-05 and 2014-03-03,35,0,155,21,3,0,0.0,,,
0001339947,cic home video gmbh,viacom inc,2006-03-16,2005-11-23,Between 2006-03-16 and 2006-08-21,390,1,1536,19,26,0,0.0,,,
0001675820,rovi korea co ltd,tivo corp,2016-11-03,2016-11-03,Between 2016-11-03 and 2017-02-15,55,1,63,4,4,0,0.0,,,
0001468492,subsidiaries jurisdiction none na,heart test laboratories inc,2024-07-29,2023-07-19,Active as of 2024-07-29,1,0,2,2,314,0,0.0,,,
0001054905,octel italia srl,octel corp,2003-03-28,1998-05-04,Between 2003-03-28 and 2004-03-15,18,0,114,22,6,0,0.0,,,
0001041061,kfc yum! franchise iii fka yum! franchise iii,yum brands inc,2015-02-17,1997-08-20,Between 2015-02-17 and 2016-02-16,112,0,936,20,6,0,0.0,,,
0001776985,biontech real estate gmbh & co kg,biontech se,2019-09-09,2019-09-09,Between 2019-09-09 and 2020-02-03,16,0,22,3,1,0,0.0,,,
0001704899,heath street llc,lucky stores llc,2017-05-19,2017-05-19,Active as of 2017-05-19,256,1,256,1,30,0,0.0,,,
0001096752,energizer ireland limited,energizer holdings inc,2000-12-15,2000-01-11,Between 2000-12-15 and 2001-12-14,25,1,272,24,5,0,0.0,,,
0001368900,the galesburg printing and publishing company,gatehouse media inc,2007-06-29,2007-03-13,Between 2007-06-29 and 2008-03-17,7,0,57,5,9,0,0.0,,,
0001029298,i icf kaiser servicios ambientales sa de cv,pci operating co inc,1997-01-10,1997-01-10,Active as of 1997-01-10,75,1,75,1,6,0,0.0,,,
0000814453,kompetenzzentrum sport gesundheit und technologie gmbh,newell brands inc,2017-03-01,1996-03-13,Between 2017-03-01 and 2018-03-01,67,0,890,29,3,0,0.0,,,
0000890662,fritz do brasil transportes internacionais ltda,fritz companies inc,1999-07-27,1999-07-27,Between 1999-07-27 and 2000-08-15,137,0,169,2,6,0,0.0,,,
0001106935,ivanhoe energy international inc (bvi),ivanhoe energy inc,2002-03-14,2001-03-22,Between 2002-03-14 and 2003-03-20,8,0,71,10,6,0,0.0,,,
0000885720,kw fund ii howe cc general partner llc,kennedy wilson inc,2013-02-14,1999-03-12,Between 2013-02-14 and 2018-06-19,393,1,918,7,14,0,0.0,,,
0001170991,dct stockyards llc,dct industrial trust inc,2016-02-19,2005-03-16,Between 2016-02-19 and 2017-02-17,25,1,727,15,12,0,0.0,,,
0000036995,wachovia defeasance funb 2001 c3 cac ii llc,first union corp,2008-02-28,1994-03-08,Active as of 2008-02-28,291,1,2900,14,5,0,0.0,,,
0001024401,mynydd eleri (cayman islands),enron corpor,1999-03-31,1998-03-31,Between 1999-03-31 and 2000-03-30,602,0,3824,4,1,0,0.0,,,
0001420800,colfax group gmbh,enovis corp,2012-02-23,2008-03-11,Between 2012-02-23 and 2013-02-19,252,0,651,16,6,0,0.0,,,
0001102934,cmc materials sdn bhd,cabot microelectronics corp,2020-11-17,2002-12-10,Between 2020-11-17 and 2021-11-12,28,1,53,9,51,0,0.0,,,
0001111632,collaboration properties inc,avistar communications corp,2000-06-09,2000-06-09,Between 2000-06-09 and 2001-03-09,2,0,5,3,1,0,0.0,,,
0000732718,e) np inc,mediaone group inc,1998-03-25,1994-03-17,Between 1998-03-25 and 1999-03-30,143,0,290,7,42,0,0.0,,,
0001507385,arc klatlga001 llc,vereit inc,2013-11-26,2011-06-13,Between 2013-11-26 and 2014-02-27,644,1,2825,16,86,0,0.0,,,
0000031462,spartan de chile productos quimicos limitada,ecolab inc,2000-03-13,1996-03-27,Between 2000-03-13 and 2001-03-09,11,0,981,29,28,0,0.0,,,
0000315189,deere & company),deere & co,1994-01-28,1994-01-28,Between 1994-01-28 and 1995-01-26,27,0,181,28,1,0,0.0,,,
0001527166,tc group csp iii llc,carlyle group lp,2012-03-15,2012-03-15,Between 2012-03-15 and 2013-03-14,460,0,1607,13,78,0,0.0,,,
0001040829,springhouse,ryman hospitality properties inc,2005-03-14,1997-06-30,Between 2005-03-14 and 2006-03-15,67,0,315,24,2,0,0.0,,,
0000093556,stanley works malaysia sdn bhd,stanley works,1996-03-27,1994-03-31,Between 1996-03-27 and 1997-03-19,20,0,1242,31,22,0,0.0,,,
0001323891,homann tire ltd,american tire distributors holdings inc,2008-03-26,2006-03-31,Between 2008-03-26 and 2009-04-03,2,1,34,8,2,0,0.0,,,
0000093410,saudi arabian chevron inc,chevron corp,2008-02-28,1996-03-27,Between 2008-02-28 and 2009-02-26,7,0,188,18,42,0,0.0,,,
0001613103,newport medical (asia) limited,medtronic plc,2015-06-23,2014-07-14,Between 2015-06-23 and 2016-06-28,470,0,734,11,77,0,0.0,,,
0001377789,nz telcoms (botswana) limited,aviat networks inc,2023-08-30,2006-11-24,Between 2023-08-30 and 2024-10-04,5,0,109,16,18,0,0.0,,,
0000018172,kks (stainless steel) co limited,castle a m & co,2015-03-09,2005-03-16,Between 2015-03-09 and 2018-03-15,7,0,40,11,1,0,0.0,,,
0000720005,lane berry & co international llc,raymond james financial inc,2009-11-27,1996-12-23,Between 2009-11-27 and 2010-11-24,6,0,343,20,22,0,0.0,,,
0001169264,syniverse turnkey solutions holdings pte ltd,syniverse holdings inc,2013-03-06,2005-02-08,Between 2013-03-06 and 2014-03-25,7,0,174,14,2,0,0.0,,,
0000740260,g&e hc reit ii maxfield sarasota mob llc,ventas inc,2024-02-15,1996-03-29,Between 2024-02-15 and 2025-02-13,240,1,3485,28,61,0,0.0,,,
0000070858,ml sb lodge north investors,bank of america corp de,2010-02-26,1994-03-30,Between 2010-02-26 and 2011-02-25,110,0,4603,28,24,0,0.0,,,
0001411494,apollo capital management lp,apollo global management llc,2011-03-21,2011-03-21,Between 2011-03-21 and 2012-03-09,242,1,1470,12,60,0,0.0,,,
0000915913,albemarle chemicals (shanghai) co ltd,albemarle corp,2003-02-26,1997-03-27,Between 2003-02-26 and 2004-03-01,11,0,253,24,4,0,0.0,,,
0001047098,mpw management services corp,mpw industrial services group inc,1997-10-15,1997-10-15,Between 1997-10-15 and 1998-09-25,8,0,18,4,4,0,0.0,,,
0001137774,park place commerce investments llc,prudential financial inc,2011-02-25,2001-11-14,Between 2011-02-25 and 2012-02-24,38,0,1452,25,217,0,0.0,,,
0000074208,udrlp eas llc,udr inc,2015-02-24,2002-03-29,Between 2015-02-24 and 2016-02-23,14,1,637,24,2,0,0.0,,,
0001038217,martins landing associates ltd,tarragon realty investors inc,1999-04-15,1998-03-27,Between 1999-04-15 and 2000-03-30,88,0,544,12,20,0,0.0,,,
0001644675,mimecast south africa pty ltd,mimecast ltd,2018-05-29,2015-10-16,Between 2018-05-29 and 2019-05-29,7,0,17,5,1,0,0.0,,,
0001101268,goamerica marketing corp,goamerica inc,2000-01-18,2000-01-18,Between 2000-01-18 and 2001-04-02,2,0,15,8,1,0,0.0,,,
0001024331,bayou vista truck plaza and casino llc,diversified opportunities group ltd,2006-07-27,2002-05-14,Active as of 2006-07-27,20,1,33,2,33,0,0.0,,,
0001485469,tower automotive mexico sde rl de cv,tower automotive llc,2010-03-04,2010-03-04,Between 2010-03-04 and 2011-03-15,48,0,80,8,135,0,0.0,,,
0001689731,southern states bank,southern states bancshares inc,2021-07-15,2021-07-15,Active as of 2021-07-15,1,0,1,1,546,0,0.0,,,
0000030841,dataviews corporation,dynatech corp,1995-06-02,1994-06-17,Between 1995-06-02 and 1996-06-17,4,0,110,6,1,0,0.0,,,
0000064892,porges co ltd,mentor corp mn,2003-06-27,2003-06-27,Between 2003-06-27 and 2004-06-14,40,0,63,6,1,0,0.0,,,
0000886163,vernalis group limited,ligand pharmaceuticals inc,2019-02-28,1997-03-31,Between 2019-02-28 and 2020-02-27,11,0,48,17,1,0,0.0,,,
0000934612,burlington northern mexico inc (de),burlington northern santa fe corp,1996-04-01,1996-02-12,Between 1996-04-01 and 1997-03-31,55,0,162,13,65,0,0.0,,,
0000880238,core securities corp,core inc,1998-04-01,1996-05-13,Between 1998-04-01 and 1999-04-01,5,0,11,3,82,0,0.0,,,
0000080737,casco gp llc,archstone smith operating trust,2002-03-29,1998-03-20,Between 2002-03-29 and 2003-03-03,66,0,734,12,20,0,0.0,,,
0001307748,ia plano hunters glen gp llc,inland american real estate trust inc,2015-03-27,2006-03-15,Between 2015-03-27 and 2016-03-18,364,0,1400,30,13,0,0.0,,,
0000091767,sonoco mexico holdings bv a 100% owned foreign subsidiary,sonoco products co,2006-02-27,1994-03-30,Between 2006-02-27 and 2007-02-28,149,0,519,27,1,0,0.0,,,
0000093751,state street international finance luxembourg sarl,state street corp,2016-02-19,1994-03-30,Between 2016-02-19 and 2018-02-26,9,0,157,23,130,0,0.0,,,
0001332349,innovative senior care home health of minneapolis llc,brookdale senior living inc,2009-03-02,2005-09-21,Between 2009-03-02 and 2010-02-26,25,1,1711,21,135,0,0.0,,,
0000776325,capital tx investments inc,res care inc ky,1997-03-19,1997-03-19,Between 1997-03-19 and 1998-03-30,27,1,130,16,322,0,0.0,,,
0001006240,lucent technologies americas inc,lucent technologies inc,1996-12-30,1996-03-22,Between 1996-12-30 and 1997-12-22,133,0,464,11,5,0,0.0,,,
0000026780,shannon properties uk ltd,dana corp,1994-03-14,1994-03-14,Between 1994-03-14 and 1995-03-10,201,0,1189,29,22,0,0.0,,,
0000038984,investors bancor,fremont general corp,1996-04-01,1996-04-01,Between 1996-04-01 and 1997-03-31,23,0,65,10,52,0,0.0,,,
0001034563,southwest steel casting company llc,icahn enterprises holdings lp,2016-02-29,2005-03-31,Between 2016-02-29 and 2017-03-01,81,1,791,13,223,0,0.0,,,
0000050104,tesoro great plains holdings company llc,andeavor,2018-02-21,1995-03-17,Active as of 2018-02-21,57,1,140,13,7,0,0.0,,,
0000949039,diamond offshore holding llc,diamond offshore drilling inc,2003-03-04,1996-05-23,Between 2003-03-04 and 2004-03-01,10,1,150,16,164,0,0.0,,,
0001067054,alpoco developments,metallurg holdings inc,1999-05-03,1998-07-29,Between 1999-05-03 and 2000-04-27,21,1,80,5,2,0,0.0,,,
0001094238,louis harris & associates,harris interactive inc,1999-09-17,1999-09-17,Between 1999-09-17 and 2001-08-31,3,0,37,7,24,0,0.0,,,
0001298341,knowles investment company pty ltd,nalco holding co,2004-08-26,2004-08-26,Between 2004-08-26 and 2005-03-24,140,1,178,6,8,0,0.0,,,
0000722080,echo bay finance corporation,echo bay mines ltd,1997-02-14,1997-02-14,Between 1997-02-14 and 1998-03-30,43,1,47,3,42,0,0.0,,,
0000895421,morgan stanley raleigh investments,morgan stanley dean witter & co,2010-02-26,1997-03-31,Between 2010-02-26 and 2011-02-28,179,0,2789,25,53,0,0.0,,,
0001633978,oclaro (north america) inc (branch office san donato italy),lumentum holdings inc,2019-08-27,2015-06-24,Between 2019-08-27 and 2020-08-25,17,0,103,11,2,0,0.0,,,
0001174527,subsidiary of minneapolis radio assets llc,citadel broadcasting corp,2008-02-29,2002-06-05,Between 2008-02-29 and 2009-03-31,72,0,78,4,189,0,0.0,,,
0001981792,pier 17 bar llc,howard hughes holdings inc,2024-02-27,2024-02-27,Active as of 2024-02-27,306,1,306,1,21,0,0.0,,,
0000802284,savannah rehabilitation hospital llc,continental medical systems inc,2016-01-29,2016-01-29,Active as of 2016-01-29,257,1,257,1,58,0,0.0,,,
0000785161,wausau surgery center lp (tn)(wi),healthsouth corp,2002-03-27,1995-02-01,Between 2002-03-27 and 2005-06-27,698,0,3256,30,14,0,0.0,,,
0000794170,bridle estates lp,toll brothers inc,2004-01-15,2002-01-10,Between 2004-01-15 and 2005-01-13,305,0,1258,22,2,0,0.0,,,
0000073076,inv corp,northwestern mutual life insurance co,2000-03-28,2000-03-28,Between 2000-03-28 and 2001-03-30,80,1,150,7,4,0,0.0,,,
0001105064,thomas pharmaceuticals ltd,ivoice com inc de,2006-03-31,2004-01-02,Between 2006-03-31 and 2009-04-15,2,0,5,3,82,0,0.0,,,
0000892537,mantech china systems corporation,mantech international corp,2002-01-18,2002-01-18,Between 2002-01-18 and 2002-11-15,29,0,75,10,1,0,0.0,,,
0001514281,ag mit treasury llc,ag mortgage investment trust inc,2016-02-26,2012-03-19,Between 2016-02-26 and 2020-02-28,2,0,20,7,10,0,0.0,,,
0000717423,r murphy suriname oil company ltd,murphy oil corp de,2011-02-28,1994-03-29,Between 2011-02-28 and 2012-02-28,22,0,407,27,31,0,0.0,,,
0000884887,blue sapphire marine inc,royal caribbean cruises ltd,2004-03-15,2004-03-15,Between 2004-03-15 and 2005-03-14,33,1,165,19,447,0,0.0,,,
0001393726,care snf calhoun propco llc,tiptree financial inc,2018-03-14,2008-03-31,Between 2018-03-14 and 2021-03-11,25,0,198,12,83,0,0.0,,,
0000906469,raytheon engineers & constructors france sarl,washington group international inc,2002-07-10,1997-02-28,Between 2002-07-10 and 2003-03-17,165,1,272,9,7,0,0.0,,,
0001386926,kfh royalties llc,kkr financial holdings llc,2011-02-28,2008-02-28,Between 2011-02-28 and 2012-02-28,8,1,135,10,2,0,0.0,,,
0000908612,sfx broadcasting of san diego licensee inc,amfm operating inc,1996-06-21,1996-06-21,Between 1996-06-21 and 1997-03-31,28,1,589,6,7,0,0.0,,,
0000009092,badger meter czech republic sro,badger meter inc,2017-02-28,1996-03-27,Between 2017-02-28 and 2019-02-26,3,0,41,18,32,0,0.0,,,
0001403795,hong kong east best industrial limited,nivs intellimedia technology group inc,2010-05-10,2008-07-30,Active as of 2010-05-10,1,0,6,3,107,0,0.0,,,
0000934852,dameron pierson company ltd,us office products co,1997-07-08,1996-07-16,Between 1997-07-08 and 1997-08-26,156,0,314,5,1,0,0.0,,,
0001722684,whg canada holding corp,wyndham hotels & resorts inc,2018-04-19,2018-04-19,Between 2018-04-19 and 2019-02-14,122,0,130,5,4,0,0.0,,,
0000750556,cdc concord chase llc,suntrust banks inc,2004-02-27,1995-02-22,Between 2004-02-27 and 2005-03-01,137,0,971,19,34,0,0.0,,,
0000070858,bushton bcp investment partnership i lp,bank of america corp de,1999-03-22,1994-03-30,Between 1999-03-22 and 2000-03-20,1011,0,4603,28,1,0,0.0,,,
0001326801,facebook circularity llc,facebook inc,2023-02-02,2012-02-08,Between 2023-02-02 and 2024-02-02,4,0,53,13,1,0,0.0,,,
0001055684,aircraft 22689 trust,unicapital corp,2000-03-30,1999-03-31,Active as of 2000-03-30,76,0,176,2,47,0,0.0,,,
0001005731,mikulynec associates inc,idt corp,2002-10-29,2000-10-31,Between 2002-10-29 and 2003-10-29,67,0,315,18,1,0,0.0,,,
0001277998,anderson mhp llc,manufactured housing properties inc,2022-03-31,2020-04-14,Between 2022-03-31 and 2023-03-29,20,0,58,3,80,0,0.0,,,
0000899689,vorando penn plaza master plan developer llc,vornado realty trust,2017-02-13,1995-03-23,Between 2017-02-13 and 2018-02-12,21,1,1888,29,2,0,0.0,,,
0001377013,time warner cable west virginia llc,time warner cable inc,2006-12-07,2006-12-07,Between 2006-12-07 and 2007-02-13,54,1,78,7,49,0,0.0,,,
0001011006,3721 information technology (beijing) co ltd,yahoo inc,2005-03-11,1997-03-31,Between 2005-03-11 and 2006-03-03,43,0,414,22,1,0,0.0,,,
0000831001,citibank global asset management (asia) limited,citigroup inc,1999-03-08,1994-03-31,Between 2000-03-10 and 2000-06-30,895,0,5172,32,3,0,0.0,,,
0001109189,mcm holdings llc,basic energy services inc,2011-09-08,2005-11-04,Between 2011-09-08 and 2019-03-05,17,1,48,8,26,0,0.0,,,
0001467760,acrefi ba llc,apollo commercial real estate finance inc,2022-02-08,2010-03-17,Between 2022-02-08 and 2023-02-08,6,0,101,13,3,0,0.0,,,
0000098222,tidewater marine gabon saâ¦â¦â¦â¦â¦â¦â¦â¦â¦â¦â¦â¦â¦â¦â¦â¦,tidewater inc,2017-06-13,1996-01-16,Between 2017-06-13 and 2018-03-15,37,0,404,28,24,0,0.0,,,
0000888491,ohi asset (mi) llc,omega healthcare investors inc,2011-02-28,1997-02-04,Between 2011-02-28 and 2012-02-27,117,1,1269,35,4,0,0.0,,,
0001103121,online services of miami inc,greenhold group inc,2001-05-03,2001-05-03,Between 2001-05-03 and 2008-03-31,5,0,6,2,56,0,0.0,,,
0001067092,bond securitization llc,bank one corp,2002-03-04,1999-03-29,Between 2002-03-04 and 2003-03-05,75,0,426,6,34,0,0.0,,,
0001002047,talon storage solutions inc,network appliance inc,2020-06-15,1997-07-23,Between 2020-06-15 and 2021-06-21,5,0,158,24,17,0,0.0,,,
0001001493,smileage dental services inc,first commonwealth inc,1997-03-31,1997-02-12,Between 1997-03-31 and 1998-03-30,5,0,11,3,2,0,0.0,,,
0000020520,frontier communications of tennessee llc,citizens utilities co,2007-03-01,1994-03-16,Between 2007-03-01 and 2008-02-28,23,0,290,24,77,0,0.0,,,
0001134983,plains marketing canada lp,paa finance corp,2001-08-27,2001-08-27,Between 2001-08-27 and 2002-11-15,8,1,16,3,22,0,0.0,,,
0000922864,sandy springs associates ltd,apartment investment & management co,1998-03-24,1997-03-31,Between 1998-03-24 and 1999-03-31,831,1,5014,27,26,0,0.0,,,
0000008192,exelon west medway llc,atlantic city electric co,2017-02-13,1997-03-14,Between 2017-02-13 and 2018-02-09,331,1,503,13,10,0,0.0,,,
0001981792,pier 17 hhc member llc,howard hughes holdings inc,2024-02-27,2024-02-27,Active as of 2024-02-27,306,1,306,1,21,0,0.0,,,
0000041077,pacific pulpwood company,georgia pacific corp,1994-03-24,1994-03-24,Between 1994-03-24 and 1995-03-17,17,0,475,12,546,0,0.0,,,
0001509892,garrison funding 2013 2 llc,garrison capital inc,2017-03-07,2014-03-13,Between 2017-03-07 and 2018-03-06,5,0,28,7,15,0,0.0,,,
0000932130,nabisco international inc,nabisco holdings corp,1999-03-22,1997-03-10,Between 1999-03-22 and 2000-03-22,121,1,241,4,6,0,0.0,,,
0000883701,gfc acquisition co,finova group inc,1994-03-10,1994-03-10,Between 1994-03-10 and 1995-03-21,49,0,214,14,3,0,0.0,,,
0001062379,federal barge lines inc,keyspan corp,2001-03-30,2000-03-10,Between 2001-03-30 and 2002-03-14,39,0,220,7,114,0,0.0,,,
0000871763,aviationworx gmbh,manpowergroup inc,2014-02-21,1997-03-31,Between 2014-02-21 and 2015-02-20,37,0,1301,28,1,0,0.0,,,
0000817945,agency inc,burns international services corp,2000-03-29,1996-03-21,Active as of 2000-03-29,11,1,57,5,59,0,0.0,,,
0000899866,alexion pharma holding uncompany,alexion pharmaceuticals inc,2017-02-16,2001-10-29,Between 2017-02-16 and 2018-02-08,4,0,99,16,1,0,0.0,,,
0000357294,k hovnanian at freehold township llc,hovnanian enterprises inc,2005-01-13,2000-01-13,Between 2005-01-13 and 2006-01-11,401,1,1658,25,3,0,0.0,,,
0000089800,becker acroma polska sp z oo,sherwin williams co,2011-02-23,1997-03-12,Between 2011-02-23 and 2012-02-23,40,0,318,26,13,0,0.0,,,
0000033073,viskase australia limited,envirodyne industries inc,1995-03-23,1995-03-23,Between 1995-03-23 and 1995-07-20,23,0,43,8,3,0,0.0,,,
0001017147,greater sacramento physical therapy associates inc,intensiva healthcare corp,2001-06-26,1996-07-25,Between 2001-06-26 and 2003-10-17,278,1,544,7,99,0,0.0,,,
0001324424,via egencia denmark as,expedia inc,2013-02-06,2005-06-13,Between 2013-02-06 and 2014-02-07,24,0,656,19,29,0,0.0,,,
0000029989,jahns rapp collins,omnicom group inc,1998-03-26,1994-03-30,Between 1998-03-26 and 1999-03-30,328,0,2170,17,1,0,0.0,,,
0001076405,catalana de bebidas carbonicas sl,pepsi bottling group inc,2007-02-27,1999-03-24,Between 2007-02-27 and 2009-02-20,19,1,302,11,4,0,0.0,,,
0000350426,paai llc,plains resources inc,2000-03-30,1996-03-04,Between 2000-03-30 and 2002-03-21,13,0,20,6,1,0,0.0,,,
0000080473,sao raimundo administracao participacoes e representacoes limitada,product design & engineering inc,2003-06-24,2002-04-05,Between 2003-06-24 and 2005-04-08,24,1,232,4,9,0,0.0,,,
0001001288,lexmark enterprise software sverige ab,lexmark international inc ky,2016-02-29,1997-03-26,Active as of 2016-02-29,77,0,266,15,1,0,0.0,,,
0001037540,bp 1265 main llc,boston properties inc,2016-02-29,1997-06-13,Between 2016-02-29 and 2017-02-28,7,1,558,22,52,0,0.0,,,
0001194192,cuyam corporation,netcong investments inc,2002-10-04,2002-10-04,Active as of 2002-10-04,52,1,52,1,5,0,0.0,,,
0000794323,amsoft information services (india) private limited,level 3 communications inc,1998-04-23,1994-03-25,Between 1998-04-23 and 2001-03-08,12,0,411,14,2,0,0.0,,,
0000831001,seksun tooling technical center (suzhou) co ltd,citigroup inc,2009-02-27,1994-03-31,Between 2009-02-27 and 2010-02-26,363,0,5172,32,1,0,0.0,,,
0000350698,sacramento collision inc,republic industries inc,2018-02-15,1995-10-10,Between 2018-02-15 and 2019-02-22,69,0,1624,34,50,0,0.0,,,
0001679049,dss vessel iv llc,osg international inc,2022-03-02,2016-07-15,Active as of 2022-03-02,87,0,205,9,14,0,0.0,,,
0001078276,mweb intelprop holdings ltd,mih ltd,2000-04-17,1999-04-01,Active as of 2000-04-17,37,0,95,2,1,0,0.0,,,
0001632790,energizer gamma acquisition inc,energizer holdings inc,2018-11-16,2015-05-27,Between 2018-11-16 and 2019-11-19,10,0,179,7,5,0,0.0,,,
0001527166,cap iii general partner lp,carlyle group lp,2012-03-15,2012-03-15,Between 2012-03-15 and 2013-03-14,460,0,1607,13,38,0,0.0,,,
0000922864,107 145 west 135th street associates,apartment investment & management co,2001-03-30,1997-03-31,Between 2001-03-30 and 2002-03-20,625,1,5014,27,15,0,0.0,,,
0000769520,jw beech pty ltd,middleby corp,2012-03-15,2003-03-28,Between 2012-03-15 and 2014-02-26,21,0,294,20,33,0,0.0,,,
0000910109,select specialty hospital san antonio inc,pacific rehabilitation & sports medicine inc,2013-08-14,1996-06-13,Between 2013-08-14 and 2014-05-30,238,1,253,3,74,0,0.0,,,
0001466258,ingersoll rand security technologies bv,trane technologies plc,2012-02-21,2010-02-26,Between 2012-02-21 and 2013-02-14,363,0,717,16,9,0,0.0,,,
0001001288,lexmark international egypt ltd,lexmark international inc ky,2007-02-28,1997-03-26,Between 2007-02-28 and 2008-02-27,6,0,266,15,1,0,0.0,,,
0001047122,raytheon service company,raytheon co,1998-03-30,1997-10-06,Between 1998-03-30 and 1999-03-30,14,0,387,10,7,0,0.0,,,
0000107263,whbc llc,williams companies inc,2002-03-07,1994-03-29,Between 2002-03-07 and 2003-03-19,80,0,955,30,1,0,0.0,,,
0001409916,first nobilis hospital management,nobilis health corp,2015-08-28,2014-08-26,Between 2015-08-28 and 2016-03-15,22,0,84,6,847,0,0.0,,,
0000070858,steppingtondallas inc,bank of america corp de,1999-03-22,1994-03-30,Between 1999-03-22 and 2000-03-20,1011,0,4603,28,1,0,0.0,,,
0000713002,flow autoclave systems inc,flow international corp,1999-07-26,1995-07-27,Between 1999-07-26 and 2001-07-27,3,0,65,13,33,0,0.0,,,
0000877987,first community real estate,first community bancshares inc in,1998-09-11,1998-09-11,Active as of 1998-09-11,1,0,1,1,847,0,0.0,,,
0001137774,grupo financiero sa de cv,prudential financial inc,2010-02-26,2001-11-14,Between 2010-02-26 and 2011-02-25,60,0,1452,25,186,0,0.0,,,
0001828972,huffpost uk limited,buzzfeed inc,2021-12-09,2021-12-09,Between 2021-12-09 and 2023-03-16,30,0,35,2,1,0,0.0,,,
0001078259,pgi alfalfa inc,seminis inc,2004-03-11,1999-02-11,Active as of 2004-03-11,15,1,29,3,22,0,0.0,,,
0000080737,asn cambridge llc,archstone smith operating trust,2002-03-29,1998-03-20,Between 2002-03-29 and 2003-03-03,66,0,734,12,4,0,0.0,,,
0001130713,ocom ventures inc,overstockcom inc,2016-03-08,2004-02-24,Between 2016-03-08 and 2017-03-03,9,0,58,14,2,0,0.0,,,
0000015615,mastec foreign holdings llc,mastec inc,2010-02-25,1997-03-26,Between 2010-02-25 and 2012-02-29,8,0,306,20,1,0,0.0,,,
0000915140,springdalemobile gp inc,cbl & associates limited partnership,2014-03-03,2014-03-03,Between 2014-03-03 and 2015-03-02,464,1,538,8,2,0,0.0,,,
0001662972,breit 4500 westport owner llc,blackstone real estate income trust inc,2019-03-15,2016-08-10,Between 2019-03-15 and 2019-06-27,96,0,1778,18,3,0,0.0,,,
0000310158,servicios veternarios servet sociedad anã³nima,merck & co inc,2022-02-25,1995-03-03,Between 2022-02-25 and 2023-02-24,30,0,1365,30,376,0,0.0,,,
0001366868,globalstar montenegro,globalstar inc,2019-02-28,2006-08-29,Between 2019-02-28 and 2020-02-28,17,0,77,12,5,0,0.0,,,
0001084421,insight midwest lp,insight communications co inc,2000-03-30,1999-07-19,Between 2000-03-30 and 2001-03-23,8,1,23,5,36,0,0.0,,,
0000913142,gvbb japan co ltd,belden cdt inc,2015-02-23,1996-10-29,Between 2015-02-23 and 2016-02-25,33,0,359,29,1,0,0.0,,,
0001102329,i compasslearning inc,wrc media inc,2000-02-03,2000-02-03,Between 2000-02-03 and 2008-02-11,7,1,23,3,2,0,0.0,,,
0001089748,huntsman (korea) limited,huntsman international llc,2011-02-17,1999-08-13,Between 2011-02-17 and 2012-02-16,10,1,543,23,13,0,0.0,,,
0000100858,psi argentina inc,union light heat & power co,2000-03-03,2000-03-03,Between 2000-03-03 and 2001-02-27,141,1,455,7,47,0,0.0,,,
0000885721,custom medical products inc,express scripts inc,2008-02-21,1998-03-27,Between 2008-02-21 and 2009-02-25,37,0,181,12,94,0,0.0,,,
0001413329,uab philip morris baltic,philip morris international inc,2022-02-11,2008-02-07,Between 2022-02-11 and 2023-02-10,179,1,339,14,70,0,0.0,,,
0000023259,carolinas pcs,ct communications inc nc,2002-04-01,1998-04-09,Between 2002-04-01 and 2003-03-28,3,0,25,8,19,0,0.0,,,
0001874315,ganymede merger sub 2 inc,satellogic inc,2021-10-19,2021-10-19,Between 2021-10-19 and 2023-12-04,2,0,5,2,1,0,0.0,,,
0001037976,jones lang lasalle strata management pty limited,jones lang lasalle inc,2005-03-11,1997-07-11,Between 2005-03-11 and 2006-03-03,51,0,1690,29,48,0,0.0,,,
0000874761,aes australia general partnership 2 (current),aes corporation,2003-03-26,1997-03-31,Between 2003-03-26 and 2004-03-15,861,0,4579,30,19,0,0.0,,,
0000059498,lch holdings inc,lin broadcasting corp,1994-03-31,1994-03-31,Active as of 1994-03-31,27,0,27,1,4,0,0.0,,,
0001402281,camac energy gambia a5 ltd,pacific asia petroleum inc,2012-03-15,2007-08-16,Between 2012-03-15 and 2013-04-15,4,0,13,6,2,0,0.0,,,
0001011006,kr3 services korea yuhan hoesa,yahoo inc,2013-03-01,1997-03-31,Between 2013-03-01 and 2014-02-28,6,0,414,22,1,0,0.0,,,
0001166691,ovations food services doo,comcast corp,2010-02-23,2003-03-20,Between 2010-02-23 and 2011-02-25,56,0,3605,24,3,0,0.0,,,
0000109198,ajw south bend realty llc,tjx companies inc de,2020-03-27,1994-04-22,Between 2020-03-27 and 2022-03-30,10,0,200,30,3,0,0.0,,,
0000709519,nauticus networks securities corporation,sun microsystems inc,2004-09-13,1998-09-25,Between 2004-09-13 and 2005-09-13,11,0,246,11,2,0,0.0,,,
0000037996,fmcc mexicana sa de cv,ford motor co,2002-03-28,1994-03-21,Between 2002-03-28 and 2003-03-14,14,0,286,29,2,0,0.0,,,
0000031791,eg&g perkin elmer pty limited,eg&g inc,2000-03-28,1994-04-01,Between 2000-03-28 and 2001-03-26,65,0,781,31,16,0,0.0,,,
0001012956,afc receivables holding corporation,advancepcs,2002-06-28,1998-06-29,Between 2002-06-28 and 2003-06-30,12,0,36,4,32,0,0.0,,,
0001498547,arcp mt hattiesburg ms llc,cim real estate finance trust inc,2016-03-30,2011-08-30,Between 2016-03-30 and 2017-03-28,690,0,1041,12,7,0,0.0,,,
0000108772,rabbit copiers inc,xerox corp,2021-02-25,1996-03-28,Between 2021-02-25 and 2022-02-23,37,1,1213,31,6,0,0.0,,,
0000089800,isocoat tintas e vernizes ltda,sherwin williams co,2018-02-23,1997-03-12,Between 2018-02-23 and 2019-02-22,75,0,318,26,2,0,0.0,,,
0000886239,financiere de developpement sa,graphic packaging corp,1998-03-12,1997-03-27,Between 1998-03-12 and 2000-03-17,38,0,97,11,29,0,0.0,,,
0001669779,cwi inc,camping world holdings inc,2016-09-26,2016-09-26,Between 2016-09-26 and 2017-03-13,76,1,141,10,20,0,0.0,,,
0000356028,concord communications uk ltd,ca inc,2006-07-31,1994-05-27,Between 2006-07-31 and 2007-05-30,49,0,358,21,83,0,0.0,,,
0001116435,airvana securities corporation,airvana inc,2007-04-19,2007-04-19,Between 2007-04-19 and 2007-05-30,6,0,10,3,1,0,0.0,,,
0001364479,dnrs ii llc,hertz global holdings inc,2014-03-19,2007-03-30,Between 2014-03-19 and 2015-07-16,13,1,280,19,5,0,0.0,,,
0001089203,lear changan (chongqing) automotive system co ltd (china),lear operations corp,2014-03-14,2006-12-08,Active as of 2014-03-14,49,1,187,2,7,0,0.0,,,
0001687229,srp primestar llc,invitation homes inc,2018-03-29,2016-12-23,Between 2018-03-29 and 2019-02-28,59,1,285,10,10,0,0.0,,,
0001236736,waterville snf operations llc,genesis healthcare corp,2006-12-14,2003-10-10,Active as of 2006-12-14,45,0,455,5,5,0,0.0,,,
0000740260,lhpt decatur ii llc,ventas inc,2011-02-18,1996-03-29,Between 2011-02-18 and 2012-02-22,72,0,3485,28,1,0,0.0,,,
0001188303,neo chester gen llc,texas genco holdings inc,2010-12-21,2002-09-13,Between 2010-12-21 and 2011-07-11,270,1,1247,10,21,0,0.0,,,
0000092230,georgia asset resolution group llc,southern national corp nc,2014-02-26,1994-03-31,Between 2014-02-26 and 2015-02-25,14,0,540,28,159,0,0.0,,,
0001490983,copper beech townhome communities twenty llc,campus crest communities inc,2015-04-01,2010-09-20,Active as of 2015-04-01,57,0,164,5,37,0,0.0,,,
0001166691,lenfest west llc,comcast corp,2003-03-20,2003-03-20,Between 2003-03-20 and 2004-03-12,1101,0,3605,24,4,0,0.0,,,
0000926660,kenton oxford associates lp,aimco properties lp,2005-03-14,1998-06-22,Between 2005-03-14 and 2006-03-09,1018,1,4873,24,2,0,0.0,,,
0000029924,courrier export (uk) limited,dow jones & co inc,1994-03-22,1994-03-22,Between 1994-03-22 and 1995-03-22,79,0,231,13,1,0,0.0,,,
0001088341,venture service company,venture holdings co llc,1999-07-09,1999-07-09,Active as of 1999-07-09,23,1,23,1,79,0,0.0,,,
0000866374,flextronics holding france sa,flextronics international ltd,2005-06-14,1996-06-28,Between 2005-06-14 and 2006-05-31,87,0,1301,31,3,0,0.0,,,
0001332349,blc wellington maryville llc,brookdale senior living inc,2007-03-16,2005-09-21,Between 2007-03-16 and 2008-02-29,367,0,1711,21,14,0,0.0,,,
0001334978,eller holding company cayman ii,clear channel outdoor holdings inc,2006-03-31,2005-10-14,Between 2006-03-31 and 2007-03-01,190,1,497,18,9,0,0.0,,,
0000887936,fti financial services limited[fka hoodwell limited],fti consulting inc,2013-02-28,1999-03-31,Between 2013-02-28 and 2013-05-22,18,0,407,32,12,0,0.0,,,
0001071255,golden pts pub stewart nellis 2 llc,golden entertainment inc,2016-03-14,1999-03-26,Between 2016-03-14 and 2017-03-16,105,0,200,17,240,0,0.0,,,
0000092487,aep texas central company,southwestern electric power co,2012-02-28,1995-03-22,Between 2012-02-28 and 2013-02-26,47,1,83,9,22,0,0.0,,,
0001082114,liberty media international inc,liberty media corp de,1999-09-03,1999-09-03,Between 1999-09-03 and 2000-03-27,98,0,742,9,230,0,0.0,,,
0001707925,praxair meishan (nanjing) industrial gases co ltd,linde plc,2019-03-18,2017-08-07,Between 2019-03-18 and 2020-03-02,675,0,836,7,2,0,0.0,,,
0001067063,mack cali meadowlands entertainment llc,mack cali realty l p,2004-03-09,2000-03-16,Between 2004-03-09 and 2005-03-03,28,1,730,23,5,0,0.0,,,
0000054480,canama transportation,kansas city southern industries inc,1998-03-17,1994-03-22,Between 1998-03-17 and 1999-03-24,14,0,175,25,1,0,0.0,,,
0001137789,u seagate technology (ireland holdings),seagate technology plc,2001-04-20,2001-04-20,Between 2001-04-20 and 2001-04-30,73,1,343,25,10,0,0.0,,,
0000923687,shc westport inn llc,security capital group inc,1998-08-13,1997-07-03,Between 1998-08-13 and 2000-03-28,228,0,384,5,24,0,0.0,,,
0000816761,teradata information systems limited,teradata corp de,2007-08-21,2007-08-21,Between 2007-08-21 and 2008-03-03,64,0,124,14,3,0,0.0,,,
0000276310,hcal llc,caesars new jersey inc,2008-10-29,2008-10-29,Active as of 2008-10-29,306,1,306,1,5,0,0.0,,,
0001366561,on brand investments ltd,smartsheet inc,2023-03-22,2019-04-01,Active as of 2023-03-22,5,0,12,5,115,0,0.0,,,
0000082536,"""rih""",recoton corp,2001-08-14,1998-03-30,Between 2001-08-14 and 2002-04-01,18,0,83,6,7,0,0.0,,,
0000856288,central texas specialty hospital llc,helian health group inc,2014-12-15,2014-12-15,Between 2014-12-15 and 2015-09-17,326,1,485,2,482,0,0.0,,,
0000020290,duke energy luxembourg iii sã  rl,cincinnati gas & electric co,2016-02-25,1998-03-27,Between 2016-02-25 and 2017-02-24,59,1,1095,23,43,0,0.0,,,
0000043920,greif sweden holding ab,greif brothers corp,2004-01-22,1995-01-18,Between 2004-01-22 and 2005-01-11,69,0,461,26,2,0,0.0,,,
0001042046,bridgefield employers insurance company,american financial group inc,2015-02-26,1998-03-27,Between 2015-02-26 and 2016-02-26,3,1,125,21,2,0,0.0,,,
0000895421,dean witter reynolds international inc,morgan stanley dean witter & co,1998-02-20,1997-03-31,Between 1998-02-20 and 1999-02-23,254,0,2789,25,17,0,0.0,,,
0000314661,meditrust of maryland inc,meditrust corp,1998-03-30,1998-03-30,Between 1998-03-30 and 1999-03-31,54,1,138,8,4,0,0.0,,,
0001937737,moolec acquisition inc,moolec science sa,2022-11-21,2022-11-21,Between 2022-11-21 and 2023-04-17,1,0,4,2,1,0,0.0,,,
0000837465,topgolf uk holdings partnership,callaway golf co ca,2022-03-01,1997-03-31,Between 2022-03-01 and 2023-03-01,171,0,265,22,1,0,0.0,,,
0000064923,the o j delendrecie company,mercantile stores co inc,1998-04-27,1994-04-26,Active as of 1998-04-27,14,0,59,4,1,0,0.0,,,
0001800227,shanghai itranslate software dev co,iac holdings inc,2020-06-16,2020-06-16,Between 2020-06-16 and 2021-02-17,142,0,290,5,613,0,0.0,,,
0000843762,precision moulding components nederland bv,rexnord corp,2005-06-15,2003-01-09,Between 2005-06-15 and 2006-04-27,13,1,131,12,185,0,0.0,,,
0000864328,bj samotlor services vostok,bj services co,2005-12-14,1995-12-21,Between 2005-12-14 and 2006-12-07,9,0,416,16,12,0,0.0,,,
0000885306,cynosure mexico s de rl de cv,cynosure inc,2016-02-29,2005-08-11,Between 2016-02-29 and 2017-02-28,1,1,23,7,2,0,0.0,,,
0001038217,lopo tarragon lp inc,tarragon realty investors inc,2006-03-16,1998-03-27,Between 2006-03-16 and 2007-04-02,67,1,544,12,2,0,0.0,,,
0000726513,treh 200 e las olas venture llc,tribune co,2016-02-29,1994-03-23,Between 2016-02-29 and 2016-03-24,31,1,517,21,3,0,0.0,,,
0000004285,pechiney trading japan,alcan aluminium ltd new,2004-03-15,1998-03-31,Between 2004-03-15 and 2005-03-16,333,0,963,10,3,0,0.0,,,
0000925645,cme development corporation,central european media enterprises ltd,1999-03-30,1997-03-24,Between 1999-03-30 and 2000-03-15,4,0,247,20,6,0,0.0,,,
0000720900,mcdonald & company venture capital inc ii,mcdonald & co investments inc,1994-06-22,1994-06-22,Between 1994-06-22 and 1995-06-21,18,0,28,4,8,0,0.0,,,
0000317833,racklight sa de cv,jacor communications co,2009-03-30,1994-03-25,Active as of 2009-03-30,311,1,342,5,8,0,0.0,,,
0001687229,tirell llc,invitation homes inc,2018-03-29,2016-12-23,Between 2018-03-29 and 2019-02-28,59,0,285,10,1,0,0.0,,,
0000899866,ttm europe development ab,alexion pharmaceuticals inc,2019-02-06,2001-10-29,Between 2019-02-06 and 2021-02-08,15,0,99,16,6,0,0.0,,,
0000792985,carlisle hma physician management llc,health management associates inc,2010-02-25,1996-12-20,Between 2010-02-25 and 2011-02-24,61,1,451,18,20,0,0.0,,,
0000101830,global one communications inc,sprint nextel corp,1999-03-05,1994-03-15,Between 1999-03-05 and 2000-03-24,86,0,1084,30,632,0,0.0,,,
0000023666,sara lee coffee and tea ltd,lee sara corp,2010-08-27,1994-09-30,Between 2010-08-27 and 2011-08-26,18,0,2074,21,6,0,0.0,,,
0000350698,claims management center inc,republic industries inc,1998-03-27,1995-10-10,Between 1998-03-27 and 1999-03-31,443,1,1624,34,25,0,0.0,,,
0000017797,advance sc llc,duke energy progress llc,2013-03-01,1999-03-25,Between 2013-03-01 and 2014-02-28,282,1,623,19,84,0,0.0,,,
0001066806,du pont e&p no 5 bv,conoco inc de,1998-09-28,1998-09-28,Between 1998-09-28 and 1999-02-26,280,0,575,5,9,0,0.0,,,
0000889331,ixys investment holdings gmbh,littelfuse inc de,2018-02-23,1997-02-21,Between 2018-02-23 and 2019-02-22,41,1,209,20,2,0,0.0,,,
0001033128,fr pv 303 llc,first industrial lp,2017-02-24,2017-02-24,Between 2017-02-24 and 2018-02-27,182,1,293,8,26,0,0.0,,,
0000018230,heavy haul track systems joint venture,caterpillar inc,2012-02-21,1994-03-02,Between 2012-02-21 and 2013-02-19,149,0,1472,34,8,0,0.0,,,
0000791915,cypress semiconductor procurement llc,cypress semiconductor corp de,2007-03-01,1994-03-16,Between 2007-03-01 and 2008-03-03,12,0,170,20,99,0,0.0,,,
0000916085,medempower inc,health net inc,2000-03-21,1997-03-31,Between 2000-03-21 and 2001-03-30,7,0,299,20,1,0,0.0,,,
0000046127,warnaco limited,hathaway c f co,2003-08-08,2003-08-08,Active as of 2003-08-08,77,1,77,1,5,0,0.0,,,
0000315293,aon capital management inc,aon plc,1996-04-01,1996-02-12,Between 1996-04-01 and 1997-03-26,658,0,5214,30,5,0,0.0,,,
0001262279,first marblehead securities corporation ii,first marblehead corp,2005-09-07,2003-09-05,Between 2005-09-07 and 2007-08-28,2,0,16,10,847,0,0.0,,,
0001613859,rps bulgaria eood,pra health sciences inc,2014-08-26,2014-08-26,Between 2014-08-26 and 2017-02-23,143,1,188,6,13,0,0.0,,,
0000104938,wti taicang llc,wmx technologies inc,1998-03-30,1994-03-30,Active as of 1998-03-30,66,1,1110,4,10,0,0.0,,,
0000060041,loctite (japan) corporation japan,loctite corp,1994-03-16,1994-03-16,Between 1994-03-16 and 1995-03-15,10,0,11,2,1,0,0.0,,,
0001437107,warner bros features nz limited,warner bros discovery inc,2023-02-24,2008-08-01,Between 2023-02-24 and 2024-02-23,863,0,1464,17,60,0,0.0,,,
0001344478,neighborhoods iii llc,stanley martin communities llc,2005-12-20,2005-12-20,Between 2005-12-20 and 2007-03-27,34,0,43,3,2,0,0.0,,,
0001070750,hst lp euro bv,host hotels & resorts inc,2011-02-24,1999-03-26,Between 2011-02-24 and 2012-02-22,39,1,690,19,10,0,0.0,,,
0001568162,arg ddhbltx001 llc,american finance trust inc,2020-02-27,2013-05-14,Between 2020-02-27 and 2021-02-25,62,1,563,9,18,0,0.0,,,
0000101382,flint hills permian co invest iii lp,umb financial corp,2019-03-01,1994-03-18,Between 2019-03-01 and 2020-02-27,50,0,452,26,21,0,0.0,,,
0001360604,hr three tree llc,healthcare realty trust inc,2023-03-01,2006-04-28,Between 2023-03-01 and 2024-02-16,160,1,757,28,33,0,0.0,,,
0001528059,thunder acquisition llc,arc properties operating partnership lp,2014-08-01,2014-08-01,Between 2014-08-01 and 2015-03-30,2240,1,2653,8,30,0,0.0,,,
0000874761,aes communications rio de janeiro ltda (current),aes corporation,2003-03-26,1997-03-31,Between 2003-03-26 and 2004-03-15,861,0,4579,30,19,0,0.0,,,
0000036995,signet nequity corporation,first union corp,1998-03-23,1994-03-08,Between 1998-03-23 and 1999-03-16,204,0,2900,14,14,0,0.0,,,
0001594012,investors bank,new investors bancorp inc,2013-12-20,2013-12-20,Active as of 2013-12-20,4,0,4,1,52,0,0.0,,,
0001010610,tlc the laser center (annapolis) inc,tlc laser center inc,1999-08-30,1998-08-31,Between 1999-08-30 and 2000-08-30,15,0,207,11,25,0,0.0,,,
0001382702,leading asia pacific investment limited,china tmk battery systems inc,2010-02-12,2010-02-12,Between 2010-02-12 and 2014-11-12,2,0,3,2,13,0,0.0,,,
0000029669,rr donnelley polska sp z oo,rr donnelley & sons co,2019-02-27,1994-03-28,Between 2019-02-27 and 2020-02-26,2,0,781,29,17,0,0.0,,,
0000054681,katy teweh petroleum company,katy industries inc,2001-04-02,2001-04-02,Between 2001-04-02 and 2002-04-01,26,0,58,11,17,0,0.0,,,
0001452477,seven hills wf finance llc,rmr mortgage trust,2022-02-17,2021-03-24,Active as of 2022-02-17,7,0,9,2,82,0,0.0,,,
0001144945,maysville handling llc (50% ownership interest),penn virginia resource partners l p,2013-11-22,2001-10-04,Between 2013-11-22 and 2014-02-28,10,1,67,13,5,0,0.0,,,
0001285785,mosaic usa holdings inc,mosaic co,2005-08-05,2004-04-08,Between 2005-08-05 and 2006-08-11,101,0,143,16,19,0,0.0,,,
0000100517,united air lines ventures inc,united continental holdings inc,2003-03-28,1995-03-08,Between 2003-03-28 and 2006-03-31,7,0,132,22,656,0,0.0,,,
0001492691,ms carriers llc,knight swift transportation holdings inc,2010-07-22,2010-07-22,Between 2010-07-22 and 2010-11-30,21,1,71,12,73,0,0.0,,,
0001332349,emeritol pines of tewksbury llc,brookdale senior living inc,2015-02-25,2005-09-21,Between 2015-02-25 and 2016-02-12,438,1,1711,21,2,0,0.0,,,
0000070858,bac strategic investments bv,bank of america corp de,2010-02-26,1994-03-30,Between 2010-02-26 and 2011-02-25,110,0,4603,28,13,0,0.0,,,
0000075129,midwest imaging llc,otter tail corp,2002-03-28,1994-03-30,Between 2002-03-28 and 2003-03-27,10,0,97,16,212,0,0.0,,,
0001029787,tsi centreville inc corporation tsi holdings (va) inc,town sports international inc,2000-03-16,1997-11-24,Between 2000-03-16 and 2001-03-09,15,0,102,10,34,0,0.0,,,
0000727207,accelerate diagnostics bv,accelerate diagnostics inc,2017-02-28,2015-02-26,Between 2017-02-28 and 2018-03-01,6,0,10,5,4,0,0.0,,,
0000062709,marsh management services (british virgin islands) ltd,marsh & mclennan companies inc,2004-03-15,1995-03-28,Between 2004-03-15 and 2005-03-09,37,0,3793,30,24,0,0.0,,,
0000314808,sobraper sociedade brasileira de perfuacoes ltda (brazil),ensco plc,1999-03-01,1995-03-17,Between 1999-03-01 and 2000-03-01,5,0,476,26,1,0,0.0,,,
0000923118,creekside apartments a partnership,home properties of new york inc,2000-03-30,1998-03-24,Between 2000-03-30 and 2001-03-29,238,0,511,18,22,0,0.0,,,
0001740332,ademco fze,resideo technologies inc,2019-03-18,2018-09-25,Between 2019-03-18 and 2020-02-27,91,0,154,6,2,0,0.0,,,
0001035688,kort rehabilitation at home llc,select medical corp,2012-03-02,2000-10-27,Between 2012-03-02 and 2013-02-26,6,1,849,24,7,0,0.0,,,
0001102233,schelfhout computer systemen nv,e auction global trading inc,2001-03-29,2000-02-28,Between 2001-03-29 and 2001-05-23,2,0,12,5,1,0,0.0,,,
0001630031,mount carmel plaza associates lp,brixmor operating partnership lp,2015-02-19,2015-02-19,Between 2015-02-19 and 2016-02-29,618,1,699,10,74,0,0.0,,,
0001001082,echosphere corporation,echostar communications corp,1997-03-31,1997-03-31,Between 1997-03-31 and 1998-03-20,30,1,96,17,4,0,0.0,,,
0001364479,hertz global holdings inc,hertz global holdings inc,2016-02-29,2007-03-30,Between 2016-02-29 and 2016-05-25,3,1,280,19,8,0,0.0,,,
0001535379,hortonworks inc,cloudera inc,2020-03-27,2020-03-27,Between 2020-03-27 and 2021-03-25,29,0,30,2,2,0,0.0,,,
0001297587,gpt management co llc,cb richard ellis realty trust,2016-03-02,2006-05-11,Active as of 2016-03-02,7,0,177,20,9,0,0.0,,,
0000092236,sonat offshore usa inc,sonat inc,1995-03-28,1995-03-28,Between 1995-03-28 and 1996-03-21,49,0,80,5,6,0,0.0,,,
0000106535,cabin branch commons llc,weyerhaeuser co,2011-02-25,2002-02-28,Between 2011-02-25 and 2012-02-22,8,1,284,18,7,0,0.0,,,
0001771514,exchangeright nlp 5 master lessee llc,exchangeright income fund,2023-04-27,2023-04-27,Between 2023-04-27 and 2024-04-11,47,0,49,2,1,0,0.0,,,
0000860730,lake area medical center,columbia hca healthcare corp,1994-03-31,1994-03-31,Between 1994-03-31 and 1996-04-01,254,0,407,23,261,0,0.0,,,
0001297067,alamo creek properties llc,copano energy llc,2009-11-03,2004-09-27,Between 2009-11-03 and 2012-02-29,14,1,40,7,35,0,0.0,,,
0001359841,maidenform (bangladesh) llc bangladesh liaison office,hanesbrands inc,2018-02-09,2006-07-25,Between 2018-02-09 and 2019-02-11,40,0,419,23,2,0,0.0,,,
0000881924,sumner ventures inc,sholodge inc,2002-04-01,1997-03-31,Between 2002-04-01 and 2003-04-11,4,0,41,6,15,0,0.0,,,
0001177702,saia motor freight line llc,saia inc,2024-02-23,2024-02-23,Active as of 2024-02-23,5,0,5,1,2,0,0.0,,,
0001047202,amana france sas,getty images inc,2006-03-09,1997-12-23,Between 2006-03-09 and 2007-06-13,28,0,276,11,5,0,0.0,,,
0001363958,alphagraphics inc,western capital resources inc,2015-03-31,2008-04-07,Between 2015-03-31 and 2016-03-30,3,0,22,10,1,0,0.0,,,
0001139185,dmb&b chile sa,bcom3 group inc,2002-03-27,2001-04-30,Active as of 2002-03-27,470,0,559,2,1,0,0.0,,,
0001205431,exe technologies (china) limited,ssa global technologies inc,2004-10-22,2004-10-22,Between 2004-10-22 and 2005-03-21,139,0,180,4,6,0,0.0,,,
0000088095,superseacat 2 ltd,sea containers ltd ny,2003-03-31,2003-03-31,Between 2003-03-31 and 2004-03-15,67,0,97,3,1,0,0.0,,,
0001020569,iron mountain us holdings inc,iron mountain incpa,2013-03-01,1996-10-04,Between 2013-03-01 and 2014-02-28,19,0,775,30,49,0,0.0,,,
0001286131,covington memorial funeral home inc,stonemor partners lp,2011-03-30,2004-08-02,Between 2011-03-30 and 2012-03-15,8,1,235,12,18,0,0.0,,,
0001020569,iron mountain secure shredding canada,iron mountain incpa,2017-02-23,1996-10-04,Between 2017-02-23 and 2018-02-16,92,0,775,30,49,0,0.0,,,
0000908255,delphi european holdings sã  rl,borgwarner inc,2021-02-22,1997-03-21,Between 2021-02-22 and 2022-02-15,85,1,509,21,25,0,0.0,,,
0001093682,cheltenham technologies (bermuda) corporation,infocast corp nv,1999-09-15,1999-09-15,Active as of 1999-09-15,1,0,1,1,6,0,0.0,,,
0000733590,tci breezy acres inc,transcontinental realty investors inc,2007-04-02,2004-03-30,Between 2007-04-02 and 2008-03-31,127,0,747,16,31,0,0.0,,,
0001429634,"zhejiang biomet medical products co ltd (""z"" biomet)",interpore spine ltd,2010-09-15,2009-02-20,Between 2010-09-15 and 2010-10-27,25,1,104,8,81,0,0.0,,,
0000063276,jw spear & sons limited,mattel inc de,2017-02-23,1994-03-25,Between 2017-02-23 and 2018-02-27,3,0,136,20,33,0,0.0,,,
0000081057,rc services limited,cable car beverage corp,1999-05-17,1999-05-17,Between 1999-05-17 and 1999-10-01,40,1,42,2,52,0,0.0,,,
0000078003,medivation neurology llc,pfizer inc,2018-02-22,1994-03-25,Between 2018-02-22 and 2019-02-28,19,0,2141,31,2,0,0.0,,,
0000085388,hcdparking llc,rouse company,2004-03-09,1996-03-05,Between 2004-03-09 and 2005-03-31,58,1,933,11,2,0,0.0,,,
0001301063,alpha coal sales co llc,foundation coal holdings inc,2010-03-01,2004-08-20,Between 2010-03-01 and 2012-02-29,48,1,110,6,174,0,0.0,,,
0000089089,eci services inc (de corp) indiana subsidiaries,service corporation international,1999-03-31,1994-03-31,Between 1999-03-31 and 2000-03-30,142,0,986,28,15,0,0.0,,,
0001090872,agilent technologies holding spain sl,agilent technologies inc,1999-10-22,1999-10-22,Between 1999-10-22 and 2000-01-25,78,0,230,23,5,0,0.0,,,
0000318025,stranco credit corp,united states filter corp,1998-06-29,1995-06-28,Active as of 1998-06-29,290,0,353,5,1,0,0.0,,,
0001820302,bakkt crypto solutions llc,bakkt holdings inc,2024-03-25,2021-05-26,Active as of 2024-03-25,2,0,19,4,1,0,0.0,,,
0000052988,jacobs norway as,jacobs engineering group inc de,2011-11-21,1994-12-28,Between 2011-11-21 and 2012-11-20,17,0,290,28,26,0,0.0,,,
0001876766,fujian lichen management consulting (prc),lichen china ltd,2021-08-12,2021-08-12,Active as of 2021-08-12,4,0,4,1,46,0,0.0,,,
0001877333,th hong kong international limited,th international ltd,2021-09-23,2021-09-23,Between 2021-09-23 and 2022-10-13,6,0,8,2,41,0,0.0,,,
0001039300,galileo nederland ii bv,galileo international inc,2007-03-30,1997-06-30,Active as of 2007-03-30,188,1,220,3,17,0,0.0,,,
0000276327,midcoast energy marketing inc,midcoast energy resources inc,1999-01-11,1996-05-28,Between 1999-01-11 and 1999-03-31,12,0,34,8,6,0,0.0,,,
0001170991,dctspf pinnacle ix llc,dct industrial trust inc,2008-02-29,2005-03-16,Between 2008-02-29 and 2009-03-02,82,1,727,15,3,0,0.0,,,
0001063537,nutrapharma llc,nutracea,2011-03-31,2005-11-21,Between 2011-03-31 and 2012-03-30,2,0,35,12,1,0,0.0,,,
0001273441,vetra petroamerica p&g corp,gran tierra energy inc,2016-02-29,2006-03-10,Between 2016-02-29 and 2017-03-01,15,0,98,18,1,0,0.0,,,
0000045012,kellogg brown & root netherlands bv,halliburton co,2004-03-08,1994-03-11,Between 2004-03-08 and 2005-03-01,21,1,1288,28,9,0,0.0,,,
0000934852,cw mills acquisition corp,us office products co,1996-07-16,1996-07-16,Between 1996-07-16 and 1997-07-08,71,0,314,5,45,0,0.0,,,
0001020569,iron mountain document holdings sweden ab(fka document holdings sweden ab),iron mountain incpa,2018-02-16,1996-10-04,Between 2018-02-16 and 2019-02-14,60,0,775,30,49,0,0.0,,,
0001061937,ccmh dulles suites llc,host hotels & resorts lp,2004-12-09,1999-03-31,Between 2004-12-09 and 2005-03-02,309,1,692,22,4,0,0.0,,,
0000096903,westmarc development inc,tele communications inc,1994-03-28,1994-03-28,Between 1994-03-28 and 1996-02-29,746,1,1061,6,4,0,0.0,,,
0001549872,xura ireland limited,xura inc,2016-05-23,2012-09-20,Active as of 2016-05-23,66,0,153,5,2,0,0.0,,,
0000857644,teppco crude oil lp,teppco partners lp,2002-03-14,2002-03-14,Between 2002-03-14 and 2002-08-14,14,1,38,5,6,0,0.0,,,
0000740260,nic 9 heritage oaks management llc,ventas inc,2022-02-18,1996-03-29,Between 2022-02-18 and 2023-02-10,373,1,3485,28,11,0,0.0,,,
0001466538,cowen at investments llc,cowen group inc,2015-02-26,2009-12-14,Between 2015-02-26 and 2016-02-29,24,0,274,15,2,0,0.0,,,
0000875570,peoplesoft (bvi) holding corporation beijing rep office,peoplesoft inc,2004-03-04,1997-03-31,Active as of 2004-03-04,51,0,130,8,3,0,0.0,,,
0000100858,cinergy foundation inc,union light heat & power co,2003-02-27,2000-03-03,Between 2003-02-27 and 2004-03-03,91,1,455,7,12,0,0.0,,,
0001060391,republic polymers llc,republic services inc,2023-02-23,1998-06-29,Between 2023-02-23 and 2024-02-29,97,0,1471,30,87,0,0.0,,,
0001819615,clever leaves ii portugal cultivation sa,clever leaves holdings inc,2022-03-24,2020-12-28,Active as of 2022-03-24,11,0,30,2,4,0,0.0,,,
0001082368,bank of florida tampa bay hillsborough county florida,bancshares of florida inc,2004-11-15,2003-05-14,Active as of 2004-11-15,2,0,5,3,195,0,0.0,,,
0000107140,wiley europe investment holdings ltd,john wiley & sons inc,2009-06-24,2009-06-24,Between 2009-06-24 and 2011-06-24,36,0,85,9,4,0,0.0,,,
0000926660,aimco chestnut hall gp llc,aimco properties lp,2006-03-09,1998-06-22,Between 2006-03-09 and 2007-03-05,238,1,4873,24,7,0,0.0,,,
0000878522,lambert r fountain ltd,stewart enterprises inc,1997-01-24,1997-01-24,Between 1997-01-24 and 1998-01-29,261,0,664,17,10,0,0.0,,,
0001293200,heron drive associates llc,gmh communities trust,2006-07-31,2004-10-18,Between 2006-07-31 and 2007-03-16,45,0,280,6,19,0,0.0,,,
0001868275,ceu kingston llc,constellation energy corp,2021-12-08,2021-12-08,Between 2021-12-08 and 2022-02-25,203,1,277,5,12,0,0.0,,,
0001822993,jackson national life (bermuda) ltd,jackson financial inc,2021-03-22,2021-03-22,Between 2021-03-22 and 2021-07-14,45,0,79,5,124,0,0.0,,,
0000024008,continental conveyor ltd,continental conveyor & equipment co,2001-04-02,1997-05-22,Between 2001-04-02 and 2002-03-29,14,1,26,6,250,0,0.0,,,
0000918646,m & w drywall supply company,eagle materials inc,1997-06-27,1997-06-27,Between 1997-06-27 and 1998-06-22,22,1,90,20,3,0,0.0,,,
0000026780,simese parish ltda,dana corp,1995-03-10,1994-03-14,Between 1995-03-10 and 1996-03-05,45,0,1189,29,1,0,0.0,,,
0000802843,medical arts o&p services inc,novacare inc,1999-09-20,1995-09-15,Between 1999-09-20 and 2000-09-28,227,1,260,6,282,0,0.0,,,
0000922864,century 23 sunnymead lp,apartment investment & management co,1999-03-31,1997-03-31,Between 1999-03-31 and 2000-03-15,571,1,5014,27,165,0,0.0,,,
0001017147,professional therapy systems inc,intensiva healthcare corp,2013-08-14,1996-07-25,Between 2013-08-14 and 2014-05-30,102,1,544,7,202,0,0.0,,,
0001048286,luxury residences management international inc,marriott international inc md,2024-02-13,1998-02-13,Active as of 2024-02-13,5,0,1271,27,8,0,0.0,,,
0001061393,central hudson enterprises corporation,ch energy group inc,2008-02-13,2008-02-13,Active as of 2008-02-13,4,1,4,1,482,0,0.0,,,
0000006951,applied materials spv1 inc,applied materials inc de,2000-01-31,1994-12-21,Between 2000-01-31 and 2001-01-24,14,0,288,29,176,0,0.0,,,
0000805264,shriram axiall private limited,georgia gulf corp de,2016-02-29,2000-03-29,Active as of 2016-02-29,7,1,101,9,2,0,0.0,,,
0000717751,nordyne de puerto rico llc,international electronics inc,2008-08-11,2002-11-25,Active as of 2008-08-11,57,1,58,2,5,0,0.0,,,
0001991332,mkdmerger2 inc,mkdwell tech inc,2024-02-05,2024-02-05,Active as of 2024-02-05,7,0,7,1,1,0,0.0,,,
0001142206,mitsui sumitomo kirameki life insurance company limited,mitsui sumitomo insurance co ltd,2007-12-19,2007-12-19,Active as of 2007-12-19,114,1,114,1,6,0,0.0,,,
0000065873,western wireless international slovenia corporation,alltel corp,2006-03-10,1994-02-18,Between 2006-03-10 and 2006-05-02,70,1,519,16,490,0,0.0,,,
0000715787,five,interface inc,2001-04-02,1994-01-14,Between 2001-04-02 and 2002-03-28,13,0,127,19,112,0,0.0,,,
0000029644,pt donaldson filtration indonesia,donaldson co inc,2012-09-28,1996-10-29,Between 2012-09-28 and 2014-09-26,18,0,117,19,670,0,0.0,,,
0000082811,marathon electric manufacturing of mexico s de rlde cv,regal rexnord corp,2006-03-15,2002-03-27,Between 2006-03-15 and 2007-02-28,17,0,176,19,40,0,0.0,,,
0001630031,ca new plan sarasota lp,brixmor operating partnership lp,2015-02-19,2015-02-19,Between 2015-02-19 and 2016-02-29,618,1,699,10,86,0,0.0,,,
0000860731,kansas information consortium llc,tyler technologies inc,2022-02-23,1997-03-10,Between 2022-02-23 and 2023-02-22,60,1,96,10,130,0,0.0,,,
0001095651,istar spp ii llc,istar inc,2012-02-29,2000-03-30,Between 2012-02-29 and 2013-03-01,76,1,1267,25,6,0,0.0,,,
0001253986,arbor realty sr inc,arbor realty trust inc,2005-03-31,2003-11-13,Between 2005-03-31 and 2006-03-15,4,0,143,23,46,0,0.0,,,
0001364479,dollar thrifty funding corp,hertz global holdings inc,2013-03-04,2007-03-30,Between 2013-03-04 and 2014-03-19,32,1,280,19,21,0,0.0,,,
0001048914,sovereign specialty chemicals gmbh,sovereign specialty chemicals inc,2002-03-29,1998-04-01,Between 2002-03-29 and 2003-03-14,1,0,24,5,42,0,0.0,,,
0000749038,harris computer systems corporation technology inc,ccur holdings inc,1996-09-27,1996-09-27,Between 1996-09-27 and 1998-09-23,23,0,46,11,62,0,0.0,,,
0001086939,novamed of bethlehem inc,novamed inc,2009-03-16,1999-07-06,Between 2009-03-16 and 2011-03-16,7,1,85,22,4,0,0.0,,,
0001019878,a c nielsen australia pty limited,acnielsen corp,1998-03-26,1996-10-07,Between 1998-03-26 and 1999-03-25,31,1,322,7,12,0,0.0,,,
0001034563,textile holding llc,icahn enterprises holdings lp,2006-03-31,2005-03-31,Between 2006-03-31 and 2008-03-31,14,1,791,13,10,0,0.0,,,
0000077776,phh servicer advance receivables trust,phh corp,2014-02-26,1994-07-29,Active as of 2014-02-26,3,0,129,14,20,0,0.0,,,
0000046619,jet avion heat treat corporation,heico corp,1996-01-16,1996-01-16,Between 1996-01-16 and 1997-01-28,34,0,293,28,37,0,0.0,,,
0000740260,wg grapevine sh llc,ventas inc,2012-02-22,1996-03-29,Between 2012-02-22 and 2013-02-19,507,0,3485,28,25,0,0.0,,,
0000749038,harris computer systems ltd,ccur holdings inc,1996-09-27,1996-09-27,Between 1996-09-27 and 1998-09-23,23,0,46,11,62,0,0.0,,,
0000042582,goodyear hellas saic,goodyear tire & rubber co oh,1996-03-20,1996-03-20,Between 1996-03-20 and 1997-03-25,72,0,613,28,3,0,0.0,,,
0000075594,the wayside telephone company,pacificorp or,1994-03-31,1994-03-31,Between 1994-03-31 and 1996-03-29,65,0,126,11,7,0,0.0,,,
0000922404,all star gas inc of oregon,empire gas corpnew,1997-09-26,1994-06-10,Between 1997-09-26 and 1999-10-13,28,0,506,5,249,0,0.0,,,
0001332349,als canada inc,brookdale senior living inc,2007-03-16,2005-09-21,Between 2007-03-16 and 2008-02-29,367,1,1711,21,11,0,0.0,,,
0001276520,forth financial resources of alabama inc,genworth financial inc,2004-03-03,2004-03-03,Between 2004-03-03 and 2004-05-17,97,1,386,21,9,0,0.0,,,
0001476150,terreno burroughs llc,terreno realty corp,2015-02-11,2010-03-29,Between 2015-02-11 and 2016-02-10,20,0,246,16,1,0,0.0,,,
0001327978,bc exchange the palms manager llc,dividend capital total realty trust inc,2021-04-06,2005-05-27,Between 2021-04-06 and 2022-03-14,15,0,658,36,92,0,0.0,,,
0001180262,herbalife paraguay srl,herbalife ltd,2008-02-26,2004-05-11,Between 2008-02-26 and 2009-02-24,36,0,191,19,3,0,0.0,,,
0000922864,brighton gp llc,apartment investment & management co,2001-03-30,1997-03-31,Between 2001-03-30 and 2002-03-20,625,1,5014,27,28,0,0.0,,,
0000861884,valex china co ltd a company,reliance steel & aluminum co,2016-02-26,2006-03-15,Between 2016-02-26 and 2017-02-24,10,0,116,16,3,0,0.0,,,
0001566912,trilogy propco finance llc,griffin american healthcare reit iii inc,2016-03-30,2013-01-17,Between 2016-03-30 and 2017-03-15,264,0,497,8,14,0,0.0,,,
0000105319,weight watchers supply company ltd,weight watchers international inc,2017-03-01,1999-12-02,Between 2017-03-01 and 2018-02-28,15,0,150,16,5,0,0.0,,,
0001055231,tristar aerospace ltd,tristar aerospace co,1998-03-24,1998-03-24,Between 1998-03-24 and 1998-12-21,4,0,7,2,8,0,0.0,,,
0001296205,zagg hong kong limited,zagg inc,2018-03-15,2008-03-27,Between 2018-03-15 and 2019-03-14,8,0,40,8,1,0,0.0,,,
0000102379,wci verfahrnstechnik gmbh (germany),urs corp new,2000-01-31,1997-01-14,Between 2000-01-31 and 2001-01-18,142,0,751,17,23,0,0.0,,,
0000929647,mexico clubs llc,price legacy corp,1994-11-17,1994-09-15,Between 1994-11-17 and 1995-12-04,1,0,53,9,95,0,0.0,,,
0001478242,iqvia solutions (nz) ltd,iqvia holdings inc,2018-07-27,2013-02-15,Between 2018-07-27 and 2019-02-19,18,0,1052,16,1,0,0.0,,,
0001617055,hlt owned mezz x k limited,90210 biltmore management llc,2014-09-11,2014-09-11,Between 2014-09-11 and 2017-06-23,585,1,751,4,6,0,0.0,,,
0001016577,sunsera funding corp,signature resorts inc,2000-03-31,1996-07-31,Between 2000-03-31 and 2002-06-28,90,0,382,14,1,0,0.0,,,
0000037996,ford motor vehicle assurance company,ford motor co,2000-03-16,1994-03-21,Between 2000-03-16 and 2001-03-22,28,0,286,29,14,0,0.0,,,
0000874265,genesis health ventures of point pleasant inc,genesis health ventures inc pa,1997-12-29,1996-12-30,Between 1997-12-29 and 1998-12-29,243,1,790,8,71,0,0.0,,,
0001134016,larswind llc (minnesota llc) 99%lp,midwest generation llc,2013-03-18,2004-06-09,Between 2013-03-18 and 2014-03-12,196,1,204,3,7,0,0.0,,,
0000049754,applebees restaurants mid atlantic llc,dineequity inc,2008-02-28,1998-03-18,Between 2008-02-28 and 2009-02-26,76,0,124,15,2,0,0.0,,,
0000007649,61 blasberg oberflaechentechnik gmbh (germany),asarco inc,1994-03-30,1994-03-30,Active as of 1994-03-30,91,0,91,1,20,0,0.0,,,
0000835729,bmc software japan co ltd,bmc software inc,1999-06-28,1997-06-30,Between 1999-06-28 and 2000-06-29,48,0,270,16,34,0,0.0,,,
0001010551,crossroads limited,travelers property casualty corp,1998-03-24,1997-03-26,Between 1998-03-24 and 1998-06-30,19,1,112,5,50,0,0.0,,,
0000854094,muncie newspapers inc,central newspapers inc,1994-03-25,1994-03-25,Between 1994-03-25 and 1997-03-21,6,0,22,5,8,0,0.0,,,
0000357294,k hovnanian ohio operations llc,hovnanian enterprises inc,2020-12-22,2000-01-13,Between 2020-12-22 and 2022-01-04,144,0,1658,25,3,0,0.0,,,
0000909111,cms brentwood llc,colonial properties trust,2005-03-16,2003-03-28,Between 2005-03-16 and 2006-03-14,55,1,466,11,42,0,0.0,,,
0000941548,cameron beijing commercial co ltd,cameron international corp,2011-02-28,1997-03-26,Between 2011-02-28 and 2012-02-28,134,0,836,20,24,0,0.0,,,
0001037976,lasalle investment luxembourg sarl,jones lang lasalle inc,2008-02-29,1997-07-11,Between 2008-02-29 and 2009-02-27,144,0,1690,29,35,0,0.0,,,
0000216039,nnnsof avallon llc,grubb & ellis co,2008-03-17,1996-03-25,Between 2008-03-17 and 2009-05-27,31,0,166,17,1,0,0.0,,,
0000007694,"ashland services bv (""asbv"")",ashland oil inc,2001-12-03,1994-12-08,Between 2001-12-03 and 2002-12-03,3,0,81,11,27,0,0.0,,,
0001513512,trans union (israel) ltd,diversified data development corp,2013-09-18,2011-03-01,Active as of 2013-09-18,68,1,81,2,114,0,0.0,,,
0001297996,telx charlotte llc,digital realty trust inc,2016-04-01,2004-10-26,Between 2016-04-01 and 2017-03-01,24,1,638,22,3,0,0.0,,,
0000794323,global crossing peru sa,level 3 communications inc,2012-02-28,1994-03-25,Between 2012-02-28 and 2013-02-26,142,1,411,14,632,0,0.0,,,
0000315858,ire energy 1981 inc,bfc financial corp,2006-03-30,2003-03-31,Between 2006-03-30 and 2007-03-16,64,1,630,21,8,0,0.0,,,
0001101723,beaumont surgical affiliates ltd (dba baptist beaumont surgical affiliates),united surgical partners international inc,2014-02-27,2001-02-12,Between 2014-02-27 and 2015-02-26,148,0,1133,18,41,0,0.0,,,
0001638833,smbims orange city llc,surgery partners inc,2015-08-17,2015-08-17,Between 2015-08-17 and 2015-09-21,236,1,490,11,3,0,0.0,,,
0000883701,finova resort assets company llc (delaware)#,finova group inc,2004-03-30,1994-03-10,Between 2004-03-30 and 2005-03-22,17,0,214,14,2,0,0.0,,,
0001524472,pure technologies abu dhabi,xylem inc,2019-02-22,2011-09-13,Between 2019-02-22 and 2020-02-28,22,0,516,14,69,0,0.0,,,
0001848416,eijno lp,verano holdings corp,2022-04-26,2022-04-26,Between 2022-04-26 and 2023-03-30,150,0,182,3,1,0,0.0,,,
0001064728,coal developments (german creek) pty limited,peabody energy corp,2006-03-06,1998-07-14,Between 2006-03-06 and 2007-02-28,67,0,624,25,36,0,0.0,,,
0000070318,american institute of gastric banding phoenix partnership,tenet healthcare corp,2016-02-22,1994-08-26,Between 2016-02-22 and 2017-02-27,1283,1,2129,28,1228,0,0.0,,,
0001136893,worldpay limited,fidelity national information services inc,2020-02-20,2001-05-18,Between 2020-02-20 and 2021-02-18,81,1,885,25,2,0,0.0,,,
0000036537,fmf inc,first mississippi corp,1995-09-27,1994-09-28,Between 1995-09-27 and 1996-09-26,3,0,43,3,3,0,0.0,,,
0001308606,spirit wg saginaw mi llc,spirit realty capital inc,2014-03-04,2006-12-20,Between 2014-03-04 and 2015-02-27,310,1,340,7,47,0,0.0,,,
0000019353,fashion bug #3545 inc,charming shoppes inc,2003-04-21,1995-04-24,Between 2003-04-21 and 2004-04-13,573,0,4867,18,35,0,0.0,,,
0001387603,dct meridian drive llc,riverside investors llc,2014-04-10,2014-04-10,Active as of 2014-04-10,402,1,402,1,12,0,0.0,,,
0000072971,nvp vc management india private limited,norwest corp,2008-02-29,1994-03-08,Between 2008-02-29 and 2009-02-27,59,0,3594,28,1,0,0.0,,,
0001021387,southern progress corporation,time warner inc,1997-03-25,1996-10-02,Between 1997-03-25 and 1998-03-25,258,1,297,5,546,0,0.0,,,
0001293892,prestige household holdings inc,spic & span co,2004-07-06,2004-07-06,Active as of 2004-07-06,19,1,19,1,44,0,0.0,,,
0001160106,scottish widows trustees limited,lloyds banking group plc,2014-03-06,2014-03-06,Active as of 2014-03-06,1041,0,1041,1,11,0,0.0,,,
0001222840,inland western sugar land riverpark i partnership,retail properties of america inc,2008-03-31,2008-03-31,Between 2008-03-31 and 2009-03-31,499,0,968,14,57,0,0.0,,,
0000941548,cameron venezolana sa 1,cameron international corp,2000-03-27,1997-03-26,Between 2000-03-27 and 2001-03-26,13,0,836,20,24,0,0.0,,,
0000107263,willbros terminal company,williams companies inc,1995-03-02,1994-03-29,Between 1995-03-02 and 1996-03-27,116,0,955,30,4,0,0.0,,,
0001161935,trizechahn plaza west partnership,trizechahn usa corp,2002-02-06,2002-02-06,Between 2002-02-06 and 2004-03-12,78,0,92,3,2,0,0.0,,,
0000019617,wm asset holdings corp,j p morgan chase & co,2010-02-24,1994-03-25,Between 2010-02-24 and 2011-02-28,67,1,1422,24,60,0,0.0,,,
0001035002,valero pipeline corporation,valero energy corptx,2006-03-01,1997-05-13,Between 2006-03-01 and 2007-02-26,27,0,325,26,6,0,0.0,,,
0000789570,casino,mgm grand inc,2014-03-03,1994-03-29,Between 2014-03-03 and 2015-03-02,11,0,401,29,44,0,0.0,,,
0001389170,flag city processing partners llc,targa resources corp,2018-02-16,2010-11-08,Between 2018-02-16 and 2019-03-01,14,1,152,12,14,0,0.0,,,
0001070750,hhr fip i llc,host hotels & resorts inc,2016-02-22,1999-03-26,Between 2016-02-22 and 2017-02-24,18,1,690,19,5,0,0.0,,,
0000079282,cavendish munro professional risks limited,brown & brown inc,2024-02-22,2001-03-14,Between 2024-02-22 and 2025-02-13,214,0,638,24,7,0,0.0,,,
0001311486,global geophysical services nigeria ltd,global geophysical services inc,2011-03-18,2006-08-10,Between 2011-03-18 and 2012-02-22,5,0,29,6,632,0,0.0,,,
0000097745,thermo fisher (cn) luxembourg sarl,thermo fisher scientific inc,2018-02-28,1994-03-09,Between 2018-02-28 and 2019-02-27,117,0,3366,31,43,0,0.0,,,
0000895126,chesapeake permian lp,chesapeake energy corp,2004-03-15,1997-10-14,Between 2004-03-15 and 2004-05-10,3,0,139,33,84,0,0.0,,,
0001308161,radio natsionalnoi sluzhbi novostei,news corp,2005-09-01,2005-09-01,Between 2005-09-01 and 2006-08-23,1234,0,2673,13,82,0,0.0,,,
0001141982,cooper industries mexico s de rl de cv,cooper industries ltd,2004-03-08,2003-02-26,Between 2004-03-08 and 2005-02-22,15,1,410,8,38,0,0.0,,,
0001605607,paramount group real estate fund v (core) sub gp llc,paramount group inc,2014-11-12,2014-11-12,Between 2014-11-12 and 2015-03-19,180,0,383,11,43,0,0.0,,,
0000072971,wells fargo (lux) worldwide fund us premier growth fund,norwest corp,2015-02-25,1994-03-08,Between 2015-02-25 and 2016-02-24,216,0,3594,28,42,0,0.0,,,
0001134538,pecaso hispania rumbo sl,accenture ltd,2007-10-23,2001-07-02,Between 2007-10-23 and 2008-10-20,33,0,447,9,2,0,0.0,,,
0001018164,wlfc funding corporation,willis lease finance corp,1999-03-31,1999-03-31,Between 1999-03-31 and 2001-04-02,14,0,69,23,1,0,0.0,,,
0001048142,xponential advisors inc,xponential inc,2004-01-26,1998-02-09,Between 2004-01-26 and 2005-09-28,1,0,7,4,2,0,0.0,,,
0000874761,aes de holdings iv llc,aes corporation,2018-02-27,1997-03-31,Between 2018-02-27 and 2019-02-27,81,0,4579,30,19,0,0.0,,,
0001041454,otwocka telewizja kablowa sp zoo,entertainment inc,1998-03-27,1997-06-24,Between 1998-03-27 and 1998-08-05,31,1,56,5,4,0,0.0,,,
0000784681,csc tkr llc doing business as,csc holdings inc,2011-02-16,1997-04-02,Between 2011-02-16 and 2012-02-28,44,1,459,18,43,0,0.0,,,
0000072207,noble energy west africa ltd,noble affiliates inc,2004-03-15,1994-03-30,Between 2004-03-15 and 2005-03-14,12,0,333,25,48,0,0.0,,,
0001561680,maracay rancho llc,tri pointe homes inc,2015-03-12,2012-12-21,Between 2015-03-12 and 2016-02-26,71,1,109,11,3,0,0.0,,,
0000105860,central power and light company,west texas utilities co,1995-03-22,1995-03-22,Between 1995-03-22 and 1996-03-28,12,1,19,3,482,0,0.0,,,
0001630472,tpg re finance 14 ltd,tpg re finance trust inc,2017-07-10,2017-07-10,Between 2017-07-10 and 2018-02-26,45,0,105,8,16,0,0.0,,,
0001559053,prothena biosciences limited,prothena corp plc,2016-02-25,2012-11-30,Between 2016-02-25 and 2017-02-27,2,0,14,9,1,0,0.0,,,
0000823277,provista renewable fuels marketing llc,chs inc,2006-11-22,1996-12-13,Between 2006-11-22 and 2007-11-20,14,1,425,26,4,0,0.0,,,
0001060349,gabelli securities inc(921% owned by the company),gamco investors inc et al,2009-03-12,1999-01-29,Between 2009-03-12 and 2010-03-15,14,0,41,13,2,0,0.0,,,
0001061506,evergreen packaging usa inc,graham packaging company lp,2012-06-21,1998-07-13,Between 2012-06-21 and 2012-12-21,201,1,279,6,112,0,0.0,,,
0000726728,arc bbftmfl001 llc,realty income corp,2013-02-14,1996-03-21,Between 2013-02-14 and 2014-02-14,213,0,1143,19,86,0,0.0,,,
0000887949,red de television y servicios por,united international holdings inc,1997-05-30,1997-05-30,Between 1997-05-30 and 1998-05-29,204,0,277,4,297,0,0.0,,,
0000096638,i trust company of the west,advanta corp,1996-08-12,1994-03-30,Between 1996-08-12 and 1997-03-26,4,1,101,14,339,0,0.0,,,
0000723527,worldcom caribbean inc,mci worldcom inc,1996-04-01,1996-04-01,Between 1996-04-01 and 1997-03-18,24,0,1022,10,2,0,0.0,,,
0000909413,aurora barbados srl a west indies (barbados) corporation is owned,hanover compressor co,2001-04-02,1997-06-09,Between 2001-04-02 and 2001-12-21,29,0,307,12,88,0,0.0,,,
0000827052,10 enerloy pty ltd (australian company) 100% [sold 12162004],edison international,2005-03-16,1994-03-21,Between 2005-03-16 and 2006-03-07,166,0,1286,14,84,0,0.0,,,
0000790877,lex lewisburg gp llc,lepercq corporate income fund l p,2017-03-01,2014-03-17,Between 2017-03-01 and 2018-02-27,277,1,404,5,17,0,0.0,,,
0000736157,warner bros distributing (canada) limited 100 canada,time warner inc,1994-03-30,1994-03-30,Between 1994-03-30 and 1996-03-22,218,1,272,2,60,0,0.0,,,
0000070858,tlc lc,bank of america corp de,2001-03-19,1994-03-30,Between 2001-03-19 and 2002-03-27,217,0,4603,28,25,0,0.0,,,
0000797468,anadarko development holding limited,occidental petroleum corp de,2021-02-26,1995-03-17,Between 2021-02-26 and 2022-02-24,45,1,716,32,10,0,0.0,,,
0001503518,michigan radiation therapy management services inc,21st century oncology holdings inc,2010-11-24,2010-11-24,Between 2010-11-24 and 2011-03-11,32,1,250,9,156,0,0.0,,,
0001400891,clear channel management services lp,iheartmedia inc,2008-07-30,2008-07-30,Between 2008-07-30 and 2009-03-02,331,1,553,16,103,0,0.0,,,
0001909417,selina operation tena selinatena sa,selina hospitality plc,2022-09-23,2022-09-23,Active as of 2022-09-23,219,0,219,1,1,0,0.0,,,
0001347557,aeropuerto de morelia sa de cv,pacific airport group,2006-01-23,2006-01-23,Active as of 2006-01-23,14,0,14,1,6,0,0.0,,,
0001936224,thca merger sub inc,surf air mobility inc,2022-10-24,2022-10-24,Between 2022-10-24 and 2023-06-05,3,0,20,2,1,0,0.0,,,
0001032030,corecomm virginia inc,corecomm inc,1997-03-28,1997-02-12,Between 1997-03-28 and 1998-03-30,5,1,15,3,7,0,0.0,,,
0001023294,bury pine funeral home inc,prime succession inc,1996-10-22,1996-10-22,Active as of 1996-10-22,64,0,64,1,5,0,0.0,,,
0000731766,unison health plan of pennsylvania inc,unitedhealth group inc,2009-02-11,1995-03-28,Between 2009-02-11 and 2010-02-10,74,0,4307,34,12,0,0.0,,,
0001320482,stream digital media limited a company,discovery holding co,2005-06-27,2005-06-27,Between 2005-06-27 and 2006-03-23,37,0,73,4,21,0,0.0,,,
0000064803,holiday cvs llc,melville corp,2011-02-18,1996-11-04,Between 2011-02-18 and 2012-02-17,12,0,555,16,26,0,0.0,,,
0001411272,green bay townhouses llc,sjm cap llc,2008-03-14,2008-03-14,Between 2008-03-14 and 2008-05-30,815,1,844,4,314,0,0.0,,,
0001327978,trt noip apache trail terrell lp,dividend capital total realty trust inc,2011-08-03,2005-05-27,Between 2011-08-03 and 2011-11-23,128,0,658,36,7,0,0.0,,,
0001011570,edelman leather,knoll inc,2009-03-02,1997-03-28,Between 2009-03-02 and 2011-03-01,1,0,51,15,6,0,0.0,,,
0000922864,the village of kaufman ltd,apartment investment & management co,2005-03-14,1997-03-31,Between 2005-03-14 and 2006-03-08,1009,1,5014,27,100,0,0.0,,,
0000050172,cedar coal co,indiana michigan power co,2012-02-28,2012-02-28,Between 2012-02-28 and 2013-02-26,51,1,68,6,138,0,0.0,,,
0001061937,tiburon golf ventures partnership,host hotels & resorts lp,2012-02-22,1999-03-31,Between 2012-02-22 and 2013-02-25,23,1,692,22,14,0,0.0,,,
0001549802,jdcom international limited,jdcom inc,2014-01-30,2014-01-30,Between 2014-01-30 and 2014-04-14,22,0,24,2,1,0,0.0,,,
0000070858,fha company llc,bank of america corp de,2006-03-16,1994-03-30,Between 2006-03-16 and 2007-02-28,107,0,4603,28,2,0,0.0,,,
0001018254,udr ap block 11 investor llc,united dominion realty l p,2019-02-19,2011-02-23,Between 2019-02-19 and 2021-02-18,8,1,401,10,2,0,0.0,,,
0001393818,blackstone real estate france sas,blackstone inc,2009-03-02,2007-06-04,Between 2009-03-02 and 2010-02-26,144,0,2338,18,20,0,0.0,,,
0001360474,the pavilion at healthpark llc,crc health corp,2015-07-02,2006-06-21,Between 2015-07-02 and 2015-10-09,140,1,594,9,23,0,0.0,,,
0000032258,cayenta canada inc,l 3 communications titan corp,2002-04-01,1997-03-31,Between 2002-04-01 and 2003-03-31,35,0,230,14,6,0,0.0,,,
0000051253,celessence international,international flavors & fragrances inc,2005-03-14,1997-03-31,Between 2005-03-14 and 2008-02-27,58,0,824,22,1,0,0.0,,,
0001084587,worldwide fiber networks of virginia inc,360networks inc,2000-07-25,1999-10-26,Between 2000-07-25 and 2001-04-04,77,0,150,3,117,0,0.0,,,
0000933974,promis systems corp ltd,brooks automation inc,2003-12-02,1996-12-30,Between 2003-12-02 and 2004-12-14,17,0,211,25,3,0,0.0,,,
0000072859,enron arbross ship management co ltd,enron corp,1994-03-30,1994-03-30,Between 1994-03-30 and 1996-03-29,252,0,754,3,6,0,0.0,,,
0000080737,asn bay landing 1031 llc,archstone smith operating trust,2007-03-01,1998-03-20,Between 2007-03-01 and 2007-08-07,57,0,734,12,4,0,0.0,,,
0001547546,hunt cre 2017 fl1 preferred llc,five oaks investment corp,2019-03-18,2013-12-09,Between 2019-03-18 and 2021-03-15,13,0,30,9,45,0,0.0,,,
0001108524,tableau software llc,salesforce com inc,2020-03-05,2003-12-18,Between 2020-03-05 and 2021-03-17,69,0,350,20,2,0,0.0,,,
0001395942,greenlight canada ulc,kar auction services inc,2011-02-24,2008-01-25,Between 2011-02-24 and 2012-02-28,4,0,176,17,9,0,0.0,,,
0001801075,anpac lloyds insurance management inc,american national group inc,2021-03-04,2020-02-12,Between 2021-03-04 and 2022-02-25,36,1,38,3,3,0,0.0,,,
0000036047,associated title company,first american corp,2006-03-16,1996-03-29,Between 2006-03-16 and 2007-03-01,151,0,1592,26,117,0,0.0,,,
0001354217,volcano europe bvba,volcano corp,2012-02-29,2007-03-23,Between 2012-02-29 and 2013-02-28,1,0,14,6,5,0,0.0,,,
0000814135,marin cable television inc,viacom international incde,1994-03-31,1994-03-31,Between 1994-03-31 and 1997-03-28,166,1,184,3,22,0,0.0,,,
0001028985,tetra holding (us),spectrum brands inc,2006-12-14,1996-12-13,Between 2006-12-14 and 2007-12-14,1,0,329,25,14,0,0.0,,,
0001437107,17th floor productions llc,warner bros discovery inc,2023-02-24,2008-08-01,Between 2023-02-24 and 2024-02-23,863,0,1464,17,3,0,0.0,,,
0001526113,arg wcslnnc001 llc,global net lease inc,2024-02-27,2013-03-11,Active as of 2024-02-27,531,1,856,10,18,0,0.0,,,
0000731766,surgery center of wilmington properties llc,unitedhealth group inc,2019-02-12,1995-03-28,Between 2019-02-12 and 2020-02-14,250,1,4307,34,26,0,0.0,,,
0000056679,kornferry international sas,korn ferry,2016-06-28,1998-10-16,Between 2016-06-28 and 2017-06-28,60,0,385,23,1,0,0.0,,,
0001355459,sungard global execution services llc,sungard workflow solutions llc,2006-04-19,2006-04-19,Between 2006-04-19 and 2007-03-09,173,1,324,2,7,0,0.0,,,
0000096903,tempo enterprises inc,tele communications inc,1994-03-28,1994-03-28,Between 1994-03-28 and 1996-02-29,746,1,1061,6,22,0,0.0,,,
0001052274,costura dominicana inc,gerber childrenswear inc,1998-03-04,1998-03-04,Between 1998-03-04 and 1999-03-31,7,0,12,3,1,0,0.0,,,
0000077476,pepsico deutschland gmbh,pepsico inc,2007-02-20,1995-03-28,Between 2007-02-20 and 2008-02-15,40,0,2338,31,6,0,0.0,,,
0001530721,jimmy choo spain slu,capri holdings ltd,2020-07-08,2011-12-02,Between 2020-07-08 and 2021-05-26,24,0,190,14,6,0,0.0,,,
0000790070,rainfinity uk limited,emc corp,2006-03-06,1998-03-06,Between 2006-03-06 and 2007-02-27,29,0,281,15,1,0,0.0,,,
0000032908,eproduction solutions uk ltd,weatherford international inc new,2002-03-25,1996-03-20,Active as of 2002-03-25,78,0,421,8,1,0,0.0,,,
0000897723,sanmina canada ulc,sanmina sci corp,1999-12-15,1997-12-22,Between 1999-12-15 and 2000-05-22,5,0,409,30,4,0,0.0,,,
0001316631,telenet international finance sarl,liberty global inc,2011-02-24,2005-05-03,Between 2011-02-24 and 2012-02-22,39,1,476,9,2,0,0.0,,,
0001320414,regency hospital of cincinnati llc,select medical holdings corp,2011-03-09,2006-04-13,Between 2011-03-09 and 2012-03-02,38,1,724,18,71,0,0.0,,,
0001606180,bhr ringwood real estate llcdba resolutions franklin,aac holdings inc,2019-04-15,2014-08-15,Active as of 2019-04-15,20,0,74,5,7,0,0.0,,,
0001599947,sune crest 7 llc,terraform power inc,2014-06-13,2014-06-13,Between 2014-06-13 and 2014-07-16,142,0,793,10,5,0,0.0,,,
0000752642,umh tn allentown mhp llc,umh properties inc,2020-03-05,2011-03-11,Between 2020-03-05 and 2021-03-10,9,0,155,14,1,0,0.0,,,
0001073431,matrix microscience ltd,life technologies corp,2012-02-29,2002-03-11,Between 2012-02-29 and 2013-02-28,23,1,225,10,69,0,0.0,,,
0001091312,smbi stlwsc llc,symbion inctn,2013-03-08,2002-05-31,Active as of 2013-03-08,15,1,272,12,6,0,0.0,,,
0000929351,deluxe pictures llc (dba the mark gordon company),lions gate entertainment corp cn,2024-05-30,2001-07-24,Between 2024-05-30 and 2025-01-27,20,1,730,24,13,0,0.0,,,
0001114676,astoria gas turbine,nrg northeast generating llc,2001-04-02,2000-07-31,Active as of 2001-04-02,4,0,15,2,18,0,0.0,,,
0001166691,universal subscription television americas llc,comcast corp,2023-02-03,2003-03-20,Between 2023-02-03 and 2024-01-31,688,0,3605,24,247,0,0.0,,,
0001046817,nco philippines clark inc,compass international services corp,2009-03-31,1999-03-31,Between 2009-03-31 and 2010-03-31,35,1,90,5,5,0,0.0,,,
0000046080,wizards of the coast italia srl,hasbro inc,2002-03-29,2000-03-24,Between 2002-03-29 and 2003-03-28,9,0,137,20,2,0,0.0,,,
0001043044,lnr eastlake village limited inc,lnr property corp,2003-02-27,1997-09-19,Between 2003-02-27 and 2004-02-27,187,0,851,8,7,0,0.0,,,
0000062709,mercer philippines inc,marsh & mclennan companies inc,2008-02-29,1995-03-28,Between 2008-02-29 and 2009-02-27,111,0,3793,30,32,0,0.0,,,
0001039300,stt airways net ab,galileo international inc,2007-03-30,1997-06-30,Active as of 2007-03-30,188,1,220,3,7,0,0.0,,,
0000086312,tcsc re investments inc,st paul companies inc mn,2005-03-16,1994-03-18,Between 2005-03-16 and 2006-02-27,151,1,604,28,3,0,0.0,,,
0001837686,wibbitz sas,vimeo inc,2022-03-01,2021-05-26,Between 2022-03-01 and 2023-02-27,5,0,8,4,1,0,0.0,,,
0001113256,arvin innovation mexico holdings iii llc,arvinmeritor inc,2009-11-19,2000-12-21,Between 2009-11-19 and 2010-11-24,12,0,469,21,5,0,0.0,,,
0000930810,100 wall mezz lender llc,reckson operating partnership lp,2006-03-21,1999-03-11,Between 2006-03-21 and 2007-04-02,107,1,239,11,79,0,0.0,,,
0000903127,post wade tract m 1 llc,post properties inc,2008-02-29,1998-03-31,Between 2008-02-29 and 2009-03-02,43,1,214,17,56,0,0.0,,,
0000731766,optum pharmacy 707 inc,unitedhealth group inc,2021-03-01,1995-03-28,Between 2021-03-01 and 2022-02-15,505,0,4307,34,2,0,0.0,,,
0001041854,cell south of new jersey inc,comcast cellular holdings inc,1997-07-10,1997-07-10,Active as of 1997-07-10,28,1,28,1,34,0,0.0,,,
0000075488,stanfield hub services llc,pacific gas & electric co,2002-03-05,1997-03-05,Between 2002-03-05 and 2003-02-27,267,1,361,8,4,0,0.0,,,
0000715273,dt des plaines llc,patriot american hospitality operating co\de,2004-03-08,1997-11-10,Between 2004-03-08 and 2005-03-15,222,0,710,10,44,0,0.0,,,
0001060391,canada inc,republic services inc,2013-02-15,1998-06-29,Between 2013-02-15 and 2014-02-13,28,1,1471,30,192,0,0.0,,,
0001018157,telecheck acquisition llc,cardservice international inc,2008-08-13,2008-08-13,Between 2008-08-13 and 2009-07-17,331,1,391,4,5,0,0.0,,,
0001124827,ims holdings bv,uti worldwide inc,2013-04-01,2004-04-15,Between 2013-04-01 and 2014-03-31,16,0,311,12,35,0,0.0,,,
0000315449,uqm properties inc,unique mobility inc,2010-05-24,1996-02-02,Between 2010-05-24 and 2017-03-30,1,0,10,7,1,0,0.0,,,
0000077476,vitamin brands ltd,pepsico inc,2009-02-19,1995-03-28,Between 2009-02-19 and 2010-02-22,52,0,2338,31,10,0,0.0,,,
0001017968,cfrc inc nevada,staffmark inc,2000-03-20,1997-05-06,Between 2000-03-20 and 2001-03-30,22,0,118,17,2,0,0.0,,,
0001851682,sichuan daily fresh vegetable technology co ltd,missfresh ltd,2021-06-08,2021-06-08,Active as of 2021-06-08,53,0,53,1,49,0,0.0,,,
0001096142,integracare of west texas hospice llc,gentiva health services inc,2015-09-17,2000-02-04,Active as of 2015-09-17,361,1,569,13,8,0,0.0,,,
0001038217,ansonia mix avenue llc,tarragon realty investors inc,2001-04-02,1998-03-27,Between 2001-04-02 and 2002-04-01,28,0,544,12,3,0,0.0,,,
0000315293,fleischer jacobs & associates inc,aon plc,2025-02-18,1996-02-12,Active as of 2025-02-18,410,1,5214,30,2,0,0.0,,,
0001616000,ia lodging napa first trs llc,xenia hotels & resorts inc,2015-01-09,2015-01-09,Between 2015-01-09 and 2016-03-10,138,1,189,7,13,0,0.0,,,
0000085388,rouse miami llc,rouse company,2005-03-31,1996-03-05,Between 2005-03-31 and 2006-04-18,377,0,933,11,7,0,0.0,,,
0001275187,rita medical systems france sarl,angiodynamics inc,2010-08-06,2008-08-14,Between 2010-08-06 and 2011-08-12,1,0,19,12,3,0,0.0,,,
0001555280,jurox inc,zoetis inc,2023-02-14,2013-01-11,Between 2023-02-14 and 2024-02-13,13,0,366,13,1,0,0.0,,,
0001070750,city center hotel partnership,host hotels & resorts inc,2005-03-01,1999-03-26,Between 2005-03-01 and 2005-12-09,325,1,690,19,158,0,0.0,,,
0000019353,fashion bug #2794 inc,charming shoppes inc,2000-04-28,1995-04-24,Between 2000-04-28 and 2001-05-04,1029,0,4867,18,35,0,0.0,,,
0001070985,uscc pamlico management company inc,corrections corp of america,1999-03-30,1998-09-30,Between 1999-03-30 and 2000-03-30,18,0,89,23,7,0,0.0,,,
0001017022,waikiki beach resort ltd,cnl hospitality properties inc,2004-03-15,2004-03-15,Between 2004-03-15 and 2005-03-16,150,0,245,5,4,0,0.0,,,
0000802840,abs finance co inc,safeway canada holdings inc,2017-05-19,2017-05-19,Active as of 2017-05-19,254,1,254,1,47,0,0.0,,,
0000859360,fulltime software pte ltd,legato systems inc,2000-05-17,1998-02-12,Between 2000-05-17 and 2001-03-29,13,0,63,7,1,0,0.0,,,
0001050007,nutraforce inc,nutraceutical international corp,1999-12-29,1998-01-28,Between 1999-12-29 and 2000-01-19,8,0,76,21,1,0,0.0,,,
0001478085,graham packaging holdings bv,graham packaging co inc,2010-01-15,2010-01-15,Between 2010-01-15 and 2010-03-05,54,1,288,8,33,0,0.0,,,
0000820313,casco do brasil ltda,amphenol corp de,2015-02-20,1999-03-30,Between 2015-02-20 and 2016-02-19,20,0,618,24,20,0,0.0,,,
0000878658,nv broadcasting (canada) inc canada,gaylord entertainment co,1997-03-31,1997-03-31,Active as of 1997-03-31,2,0,2,1,6,0,0.0,,,
0000701221,aa) cigna healthplan of louisiana inc,cigna corp,2000-03-07,1994-03-25,Between 2000-03-07 and 2001-03-08,70,0,834,24,44,0,0.0,,,
0000740260,sunrise cuyahoga falls senior living llc,ventas inc,2008-02-29,1996-03-29,Between 2008-02-29 and 2009-02-27,117,0,3485,28,119,0,0.0,,,
0000072911,signiant corporation,nortel networks corp,2005-01-11,2001-03-13,Between 2005-01-11 and 2005-05-02,103,1,212,9,2,0,0.0,,,
0001002044,softbrands asia co ltd,infinium software inc,2016-01-25,1998-12-23,Active as of 2016-01-25,136,1,164,6,4,0,0.0,,,
0000094601,stone & webster engineering and field services limited,stone & webster inc,1998-03-30,1994-02-25,Between 1998-03-30 and 1999-03-26,14,0,139,5,63,0,0.0,,,
0001551182,abeiron iii uncompany,eaton corp plc,2018-02-28,2012-06-22,Between 2018-02-28 and 2019-02-27,18,0,754,13,2,0,0.0,,,
0001681903,beverage insurance agency inc,icc holdings inc,2016-08-12,2016-08-12,Between 2016-08-12 and 2022-03-30,4,0,5,2,37,0,0.0,,,
0001616318,vista outdoor operations llc,vista outdoor inc,2017-05-26,2015-06-01,Between 2017-05-26 and 2018-05-18,6,1,106,9,136,0,0.0,,,
0000032604,american governor do brasil participacoes ltda,emerson electric co,2022-11-14,1994-12-22,Between 2022-11-14 and 2023-11-13,63,0,2724,30,1228,0,0.0,,,
0001045309,w r grace taiwan inc,w r grace & co,1998-03-13,1998-03-13,Between 1998-03-13 and 1999-03-29,122,1,185,16,25,0,0.0,,,
0000320187,nike singapore pte ltd,nike inc,2009-07-27,1995-08-30,Between 2009-07-27 and 2010-07-20,137,0,251,17,2,0,0.0,,,
0001096142,knd real estate 22 llc,gentiva health services inc,2015-09-17,2000-02-04,Active as of 2015-09-17,361,1,569,13,7,0,0.0,,,
0000740260,ec opco arlington llc,ventas inc,2018-02-09,1996-03-29,Between 2018-02-09 and 2019-02-08,333,0,3485,28,39,0,0.0,,,
0000766704,al usgp woods ii senior housing llc,welltower inc,2014-02-21,1995-02-14,Between 2014-02-21 and 2015-02-20,553,1,3930,30,75,0,0.0,,,
0000804055,the coca cola bottling company of new york inc,coca cola enterprises inc,1999-03-25,1995-03-16,Between 1999-03-25 and 2000-03-17,19,0,133,16,8,0,0.0,,,
0000772891,engineered electric company,engineered support systems inc,2004-01-30,2004-01-30,Between 2004-01-30 and 2005-01-14,14,1,17,3,30,0,0.0,,,
0001316631,j com gunma co ltd,liberty global inc,2006-03-14,2005-05-03,Between 2006-03-14 and 2007-03-01,112,0,476,9,38,0,0.0,,,
0000036995,wachovia defeasance jpmc 2002 c1 ii llc (charlotte nc),first union corp,2006-02-28,1994-03-08,Between 2006-02-28 and 2007-02-28,491,0,2900,14,5,0,0.0,,,
0001171078,silver legacy capital corp,silver legacy capital corp,2002-04-30,2002-04-30,Active as of 2002-04-30,1,0,1,1,187,0,0.0,,,
0001074771,columbia crest llc,triad hospitals inc,1999-04-27,1999-04-27,Between 1999-04-27 and 1999-08-06,193,0,495,7,174,0,0.0,,,
0000888504,stanley mining services (tanzania) limited,layne christensen co,2007-04-16,2003-04-07,Between 2007-04-16 and 2007-10-02,14,0,142,16,22,0,0.0,,,
0001333578,newkirk lando gp llc,newkirk realty trust inc,2005-08-08,2005-08-08,Active as of 2005-08-08,201,1,201,1,5,0,0.0,,,
0000931182,archstone palmetto park llc,erp operating ltd partnership,2014-02-27,1997-03-24,Between 2014-02-27 and 2015-02-26,318,1,1754,24,7,0,0.0,,,
0001347815,flagstone (mauritius) limited,flagstone reinsurance holdings ltd,2011-03-02,2006-12-08,Active as of 2011-03-02,17,1,51,5,8,0,0.0,,,
0000885725,boston scientific wayne corporation,boston scientific corp,2005-03-16,1997-03-31,Between 2005-03-16 and 2006-03-01,17,0,508,29,114,0,0.0,,,
0001646972,aci real estate spe 129 llc,albertsons companies inc,2020-06-10,2015-08-26,Between 2020-06-10 and 2021-04-28,76,0,364,12,30,0,0.0,,,
0000891014,minerals technologies do brasil comercio ã© industria de minerais ltda,minerals technologies inc,2008-02-27,1997-03-19,Between 2008-02-27 and 2009-02-26,1,0,238,27,5,0,0.0,,,
0001017815,qep zocalis holding llc,qep co inc,2001-05-29,1998-05-28,Between 2001-05-29 and 2006-06-13,8,0,19,4,6,0,0.0,,,
0001411272,newfulba 98 c2 master defeasance llc,sjm cap llc,2008-03-14,2008-03-14,Between 2008-03-14 and 2008-05-30,815,1,844,4,2,0,0.0,,,
0000823392,tpc gas storage,nisource inc,2000-03-30,1994-03-29,Active as of 2000-03-30,149,0,159,5,24,0,0.0,,,
0001082923,metapack limited a company,stampscom inc,2019-03-01,2018-02-28,Between 2019-03-01 and 2020-03-02,5,0,15,4,1,0,0.0,,,
0001324424,expedia colombia sas,expedia inc,2016-02-11,2005-06-13,Between 2016-02-11 and 2017-02-10,101,0,656,19,6,0,0.0,,,
0001393818,blackstone real estate (cayman) vii nq ltd,blackstone inc,2012-02-28,2007-06-04,Between 2012-02-28 and 2013-03-01,77,0,2338,18,20,0,0.0,,,
0000927122,select subsidiaries inc,professional sports care management inc,2013-08-14,2013-08-14,Between 2013-08-14 and 2014-05-30,239,1,242,2,74,0,0.0,,,
0001103982,kraft foods italia srl,kraft foods inc,2009-02-27,2001-03-16,Between 2009-02-27 and 2010-02-25,73,0,1403,25,5,0,0.0,,,
0001528059,arc fmbsrla001 llc,arc properties operating partnership lp,2014-08-01,2014-08-01,Between 2014-08-01 and 2015-03-30,2240,1,2653,8,86,0,0.0,,,
0001617406,pt conrad management indonesia,hilton worldwide inc,2014-09-11,2014-09-11,Between 2014-09-11 and 2016-09-16,766,1,967,10,670,0,0.0,,,
0001232582,ashford trs sapphire vii llc,ashford hospitality trust inc,2009-03-02,2003-07-31,Between 2009-03-02 and 2010-03-02,252,0,323,8,17,0,0.0,,,
0000766704,280 newtonville avenue newton llc,welltower inc,2012-02-17,1995-02-14,Between 2012-02-17 and 2013-02-26,310,0,3930,30,10,0,0.0,,,
0000831001,citistreet associates of montana llc,citigroup inc,2001-03-14,1994-03-31,Between 2001-03-14 and 2002-03-12,516,1,5172,32,3,0,0.0,,,
0000701869,vo<^q,independence holding co,2018-03-26,1996-04-01,Between 2018-03-26 and 2019-03-15,10,0,124,26,5,0,0.0,,,
0000899689,vno 7000 hadley road llc,vornado realty trust,2008-02-26,1995-03-23,Between 2008-02-26 and 2009-02-24,91,1,1888,29,3,0,0.0,,,
0000045876,sgb middle east limited,harsco corp,2008-02-29,1994-03-29,Between 2008-02-29 and 2009-02-24,62,0,918,30,5,0,0.0,,,
0001464423,pmt credit risk transfer trust 2020 1r,pennymac mortgage investment trust,2021-02-26,2010-03-11,Between 2021-02-26 and 2022-02-25,3,0,36,13,6,0,0.0,,,
0001089473,medfocus llc,ventiv health inc,2005-03-31,1999-08-10,Between 2005-03-31 and 2006-03-16,14,0,309,15,1,0,0.0,,,
0001803599,concentrix brazil outsourcing of processes administrative services and technologies to enterprise lt,concentrix corp,2021-02-16,2020-10-13,Between 2021-02-16 and 2022-01-28,20,0,272,6,2,0,0.0,,,
0000096223,one technology center llc,leucadia national corp,2006-03-08,1994-03-23,Between 2006-03-08 and 2007-02-28,82,0,627,32,248,0,0.0,,,
0001577670,ldg rockport tx llc,ladder capital corp,2016-03-07,2013-06-28,Between 2016-03-07 and 2017-02-24,89,0,449,14,5,0,0.0,,,
0000313616,ab sciex (taiwan) private limited,danaher corp de,2010-02-24,1997-03-28,Between 2010-02-24 and 2011-02-24,113,0,2082,27,100,0,0.0,,,
0000931182,eqr academy village spe llc,erp operating ltd partnership,2009-02-26,1997-03-24,Between 2009-02-26 and 2010-02-25,828,1,1754,24,2,0,0.0,,,
0000077476,evercrisp snack products de chile sa,pepsico inc,1995-03-28,1995-03-28,Between 1995-03-28 and 1996-03-26,200,0,2338,31,2,0,0.0,,,
0000764180,nabisco brands holdings denmark,philip morris companies inc,2001-03-29,1994-03-16,Between 2001-03-29 and 2002-03-19,131,1,883,21,6,0,0.0,,,
0000922864,aimco properties lp (de) (as of 6 13 97),apartment investment & management co,2000-03-15,1997-03-31,Between 2000-03-15 and 2001-03-30,299,0,5014,27,7,0,0.0,,,
0001350653,scientx asia pacific pte ltd,alphatec holdings inc,2011-03-04,2006-02-06,Between 2011-03-04 and 2013-03-05,13,1,23,8,2,0,0.0,,,
0001568162,arg tacolsc001 llc,american finance trust inc,2023-02-23,2013-05-14,Active as of 2023-02-23,101,1,563,9,18,0,0.0,,,
0000725571,universal furniture (tianjin) co ltd (china),universal furniture ltd,1996-09-13,1996-09-13,Active as of 1996-09-13,77,1,77,1,247,0,0.0,,,
0001315695,rockwood specialties (singapore) pte limited,rockwood holdings inc,2005-02-11,2005-02-11,Between 2005-02-11 and 2005-05-13,201,1,353,12,18,0,0.0,,,
0000082628,symmcom beijing ltd,symmetricom inc,2006-09-13,1994-09-20,Between 2006-09-13 and 2011-09-16,2,0,16,8,1,0,0.0,,,
0000874761,aes opgc holding (current),aes corporation,2003-03-26,1997-03-31,Between 2003-03-26 and 2004-03-15,861,0,4579,30,19,0,0.0,,,
0001358483,medpage today llc,everyday health inc,2013-11-13,2010-01-22,Between 2013-11-13 and 2015-03-05,2,1,7,4,2,0,0.0,,,
0001060386,g&i vi interchange office llc,brandywine operating partnership lp pa,2008-02-28,1998-06-05,Between 2008-02-28 and 2009-03-02,13,1,536,22,58,0,0.0,,,
0000024545,black sea montenegro doo,molson coors brewing co,2013-02-22,1994-03-28,Between 2013-02-22 and 2016-02-11,19,0,99,18,185,0,0.0,,,
0001188303,nrg advisory services llc,texas genco holdings inc,2016-12-14,2002-09-13,Between 2016-12-14 and 2017-03-01,217,1,1247,10,19,0,0.0,,,
0000047217,hp bilgisayar ve baski teknolojileri åirketi,hewlett packard co,2021-12-09,1994-01-28,Between 2021-12-09 and 2022-12-06,182,0,650,27,43,0,0.0,,,
0001136808,sud salzhandelsgesellschaft mbh,e on ag,2001-10-23,2001-10-23,Active as of 2001-10-23,64,0,64,1,10,0,0.0,,,
0001527166,carlyle realty ix lux gp sã  rl,carlyle group lp,2021-02-11,2012-03-15,Between 2021-02-11 and 2022-02-10,58,0,1607,13,17,0,0.0,,,
0001092481,sonoma financial corporation,shc corp,2000-07-07,2000-07-07,Between 2000-07-07 and 2001-04-17,5,0,7,2,37,0,0.0,,,
0000887905,ltc gp iii inc,ltc properties inc,1997-02-14,1997-02-12,Between 1997-02-14 and 1998-03-25,18,0,121,24,18,0,0.0,,,
0001111711,nipsco holdings i llc,nisource incde,2024-02-21,2001-03-30,Active as of 2024-02-21,4,0,84,18,3,0,0.0,,,
0000075677,boise white paper llc,packaging corp of america,2014-02-28,2014-02-28,Between 2014-02-28 and 2015-02-27,44,1,57,6,25,0,0.0,,,
0001094285,teledyne aerospace llc,teledyne technologies inc,2010-03-02,2000-03-27,Between 2010-03-02 and 2011-03-03,4,0,301,23,3,0,0.0,,,
0000876378,asensus surgical europe sã rl,asensus surgical inc,2022-02-28,2000-03-29,Between 2022-02-28 and 2023-03-02,9,0,21,11,1,0,0.0,,,
0000026172,cummins generator technologies (china) co ltd,cummins engine co inc,2009-02-27,1994-03-10,Between 2009-02-27 and 2010-02-26,35,0,837,30,7,0,0.0,,,
0001024645,oedc exploration & production lp,titan exploration inc,1998-03-30,1996-10-11,Between 1998-03-30 and 1999-03-31,15,0,22,3,3,0,0.0,,,
0000092230,patterson bell & crane company,southern national corp nc,2002-03-15,1994-03-31,Between 2002-03-15 and 2003-03-07,31,0,540,28,11,0,0.0,,,
0001043219,chi javelin denison llc,annaly capital management inc,2019-02-15,2010-02-24,Between 2019-02-15 and 2021-02-19,63,0,213,10,30,0,0.0,,,
0000723527,connecticut license inc,mci worldcom inc,2000-03-30,1996-04-01,Between 2000-03-30 and 2001-03-30,261,0,1022,10,106,0,0.0,,,
0000701221,c cigna compania de seguros (chile) sa (chile),cigna corp,1994-03-25,1994-03-25,Between 1994-03-25 and 1996-03-29,162,0,834,24,3,0,0.0,,,
0000032604,emerson professional tools mfg llc,emerson electric co,2021-11-15,1994-12-22,Between 2021-11-15 and 2022-11-14,30,0,2724,30,18,0,0.0,,,
0000933401,globalstar capital corporation,globalstar telecommunications ltd,1999-03-31,1999-03-31,Between 1999-03-31 and 2000-03-30,5,1,12,4,5,0,0.0,,,
0001419242,auburndale holdings llc,atlantic power corp,2011-08-12,2010-04-13,Between 2011-08-12 and 2011-10-11,14,1,204,11,7,0,0.0,,,
0000703361,integrated device technology inc cayman islands,integrated device technology inc,1999-06-28,1997-05-20,Between 1999-06-28 and 2000-06-27,8,0,114,17,258,0,0.0,,,
0001411272,protech holdings 143 llc,sjm cap llc,2008-03-14,2008-03-14,Between 2008-03-14 and 2008-05-30,815,1,844,4,7,0,0.0,,,
0001345126,boa technology korea inc,compass diversified holdings,2021-02-24,2007-03-13,Between 2021-02-24 and 2022-02-24,23,1,266,17,10,0,0.0,,,
0000006201,amr eagle holding corporationamerican eagle airlines inceagle aviation services incexecutive airli,amr corp,2009-02-19,1997-03-27,Between 2009-02-19 and 2011-02-16,1,0,243,23,15,0,0.0,,,
0000073373,fidelity investment co,nutone inc,2004-10-22,2004-10-22,Between 2004-10-22 and 2008-08-11,58,1,100,3,76,0,0.0,,,
0000019353,fashion bug of alpenainc,charming shoppes inc,1996-05-03,1995-04-24,Between 1996-05-03 and 1997-04-28,424,0,4867,18,35,0,0.0,,,
0000909413,37 hanover spe llc,hanover compressor co,2003-03-31,1997-06-09,Between 2003-03-31 and 2004-03-29,74,0,307,12,23,0,0.0,,,
0000862831,fisi statutory trust i,financial institutions inc,2009-03-12,1999-06-11,Between 2009-03-12 and 2015-03-06,3,0,18,9,2,0,0.0,,,
0000731766,erx network holdings inc,unitedhealth group inc,2023-02-24,1995-03-28,Between 2023-02-24 and 2024-02-28,195,1,4307,34,5,0,0.0,,,
0001747079,ballys interactive maryland llc,ballys corp,2023-03-01,2018-12-21,Between 2023-03-01 and 2024-03-15,14,0,123,7,17,0,0.0,,,
0001618563,wcal llc,national storage affiliates trust,2015-04-20,2015-04-20,Between 2015-04-20 and 2016-03-10,127,0,385,9,1,0,0.0,,,
0001274173,janus capital trust manager limited,henderson group plc,2018-02-27,2016-11-23,Between 2018-02-27 and 2019-02-26,24,1,131,9,7,0,0.0,,,
0000103379,administradora de servicios honduras sa (fka adminstradora wd honduras sa),v f corp,2021-05-27,1994-03-24,Between 2021-05-27 and 2022-05-26,27,0,592,30,51,0,0.0,,,
0000935419,s willys lubbock llc,rci hospitality holdings inc,2013-12-16,1996-12-30,Between 2013-12-16 and 2014-12-15,23,0,267,24,1,0,0.0,,,
0000888711,banyan systems international incorporated,banyan systems inc,1998-03-31,1997-03-31,Between 1998-03-31 and 2000-03-30,12,0,30,4,13,0,0.0,,,
0001009575,medeamerica corporation,webmd corp new,2003-03-27,1998-07-31,Between 2003-03-27 and 2004-03-15,48,0,135,10,1,0,0.0,,,
0000230557,selective insurance company of south carolina,selective insurance group inc,2000-03-22,1997-03-28,Between 2000-03-22 and 2001-04-02,11,0,40,11,10,0,0.0,,,
0000040704,general mills marketing inc,general mills inc,1996-08-23,1994-08-23,Between 1996-08-23 and 1997-08-19,11,0,599,27,318,0,0.0,,,
0000890447,vertex renewables alabama llc,vertex energy inc,2023-03-01,2011-03-31,Between 2023-03-01 and 2024-03-07,4,0,27,9,16,0,0.0,,,
0001253986,arbor realty member llc,arbor realty trust inc,2004-04-06,2003-11-13,Between 2004-04-06 and 2005-03-31,4,0,143,23,46,0,0.0,,,
0001378789,aercap technologies usa inc,aercap holdings nv,2006-11-02,2006-11-02,Between 2006-11-02 and 2007-07-10,141,0,217,2,1,0,0.0,,,
0000058696,riviera land corp,lennar corp,1995-02-28,1995-02-28,Between 1995-02-28 and 1996-02-28,110,1,249,5,23,0,0.0,,,
0000102379,washington group engineering consulting (shanghai) company ltd,urs corp new,2008-02-28,1997-01-14,Between 2008-02-28 and 2009-03-03,205,1,751,17,184,0,0.0,,,
0001523836,light in the box limited,lightinthebox holding co ltd,2013-04-17,2013-04-17,Active as of 2013-04-17,5,0,5,1,32,0,0.0,,,
0001661039,bridge internet llc,tpt global tech inc,2020-09-29,2017-12-15,Between 2020-09-29 and 2020-10-28,9,0,21,5,55,0,0.0,,,
0000018532,centex homes new jersey division,centex corp,2002-06-21,1994-06-29,Between 2002-06-21 and 2003-06-03,136,1,805,15,8,0,0.0,,,
0001575828,expro international group ltd,franks international nv,2022-03-08,2013-05-10,Between 2022-03-08 and 2023-02-23,24,0,81,12,3,0,0.0,,,
0000894315,ddr caribbean property management llc,developers diversified realty corp,2006-03-02,1997-03-31,Between 2006-03-02 and 2007-02-21,104,0,1847,27,3,0,0.0,,,
0000718916,burlington coat factory realty of river oaks inc,burlington coat factory warehouse corp,2006-10-10,1995-09-29,Between 2006-10-10 and 2007-08-30,122,1,147,9,65,0,0.0,,,
0000944809,claros diagnostics llc,opko health inc,2012-03-15,2008-03-31,Between 2012-03-15 and 2013-03-18,2,0,39,15,1,0,0.0,,,
0001293593,heilongjiang baoquanling sheng yuan dairy co ltd,synutra international inc,2008-04-11,2007-06-29,Between 2008-04-11 and 2009-06-15,8,0,56,10,25,0,0.0,,,
0000003327,alberto culver company (uk) limited,alberto culver co,1995-12-19,1995-12-19,Between 1995-12-19 and 1996-12-19,14,1,43,7,5,0,0.0,,,
0001062781,85 up offshore (uk) ltd uk,ultrapetrol bahamas ltd,2006-09-26,2005-01-24,Between 2006-09-26 and 2007-03-22,11,0,138,4,22,0,0.0,,,
0000891478,servicio pan americano de protecciã³n sa de cv,banco santander sa,2008-12-19,2008-12-19,Active as of 2008-12-19,905,0,905,1,30,0,0.0,,,
0001211805,my size llc,my size inc,2021-03-29,2007-01-19,Between 2021-03-29 and 2023-04-14,1,0,7,5,42,0,0.0,,,
0000813828,interstitial programs inc,viacom inc,1994-03-31,1994-03-31,Between 1994-03-31 and 1996-04-01,166,1,2798,31,3,0,0.0,,,
0000078003,pfizer hospital products (netherlands) bv,pfizer inc,1997-03-28,1994-03-25,Between 1997-03-28 and 1998-03-26,93,0,2141,31,4,0,0.0,,,
0001603291,seabrook solar llc,dominion energy gas holdings llc,2020-02-28,2014-04-04,Between 2020-02-28 and 2021-03-01,43,1,308,10,11,0,0.0,,,
0001068874,accurel systems international corporation,implant sciences corp,2009-10-13,2009-10-13,Active as of 2009-10-13,3,0,3,1,1,0,0.0,,,
0000064040,s&p global korea inc,mcgraw hill companies inc,2017-02-09,1994-03-30,Between 2017-02-09 and 2018-02-09,53,0,755,31,632,0,0.0,,,
0001613859,pharmaceutical research associates singapore pte ltd,pra health sciences inc,2014-08-26,2014-08-26,Between 2014-08-26 and 2017-02-23,143,1,188,6,40,0,0.0,,,
0001707178,cplg islip llc,corepoint lodging inc,2018-04-25,2018-04-25,Between 2018-04-25 and 2019-03-22,42,0,43,2,1,0,0.0,,,
0001549786,monitronics canada inc,mi funding gp llc,2012-05-14,2012-05-14,Active as of 2012-05-14,11,1,11,1,3,0,0.0,,,
0001551152,allergan pharmaceuticals ireland,abbvie inc,2021-02-19,2012-11-30,Between 2021-02-19 and 2022-02-18,202,1,378,14,9,0,0.0,,,
0001800227,hlvp i gp llc,iac holdings inc,2020-06-16,2020-06-16,Between 2020-06-16 and 2021-02-17,142,1,290,5,2,0,0.0,,,
0000019617,chase manhattan bank international,j p morgan chase & co,2000-03-13,1994-03-25,Between 2000-03-13 and 2001-03-22,30,0,1422,24,42,0,0.0,,,
0001122976,ma hanna asia holding company,polyone corp,2001-03-28,2001-03-28,Between 2001-03-28 and 2002-04-01,73,0,437,24,33,0,0.0,,,
0001411537,fox pay per view services inc,ruby newco llc,2007-10-17,2007-10-17,Between 2007-10-17 and 2008-03-20,1362,1,1427,2,110,0,0.0,,,
0000036995,virtus capital management inc,first union corp,1998-03-23,1994-03-08,Between 1998-03-23 and 1999-03-16,204,1,2900,14,4,0,0.0,,,
0001114200,ams research corporation,american medical systems holdings inc,2002-03-29,2000-05-19,Between 2002-03-29 and 2003-03-27,2,1,53,10,31,0,0.0,,,
0001091748,solutions,argo group international holdings ltd,2008-03-05,2004-03-12,Between 2008-03-05 and 2009-03-02,55,1,138,16,71,0,0.0,,,
0000906326,eastern ambulance service inc omaha,rural metro corp de,1996-05-15,1996-05-15,Between 1996-05-15 and 1996-09-30,62,0,203,12,223,0,0.0,,,
0000018366,midwest sports channel inc,cbs inc,1994-03-14,1994-03-14,Active as of 1994-03-14,24,0,24,1,212,0,0.0,,,
0001066107,stateline gas gathering company (delaware),el paso corpde,2000-02-22,1999-03-10,Between 2000-02-22 and 2001-03-22,211,0,3381,14,2,0,0.0,,,
0000064040,markit valuation services limited,mcgraw hill companies inc,2023-02-10,1994-03-30,Between 2023-02-10 and 2024-02-09,189,1,755,31,2,0,0.0,,,
0001054588,europlex lce kinobetriebsgmbh,loews cineplex entertainment corp,1999-05-27,1998-02-13,Between 1999-05-27 and 2001-05-29,10,0,373,7,1,0,0.0,,,
0000893538,lucy corporation,st mary land & exploration co,1999-08-19,1999-08-19,Between 1999-08-19 and 1999-11-12,11,0,51,15,7,0,0.0,,,
0000096943,formerly morse controls (nz) limited,teleflex inc,2008-02-29,1997-03-24,Between 2008-02-29 and 2009-02-25,45,0,540,28,140,0,0.0,,,
0001041061,pizza hut mexicana s de rl de cv,yum brands inc,2007-02-28,1997-08-20,Between 2007-02-28 and 2008-02-25,50,0,936,20,6,0,0.0,,,
